hospital,code,cover,nhif_branch
ABRAR HEALTH SERVICES LTD,80001488,Inpatient & Outpatient,BURUBURU
AFRICARE LIMITED (MEDANTA),80001235,Outpatient,WESTLANDS
AFYA HEALTH CARE,80001123,Outpatient,RUARAKA
AFYA ROYAL CLINIC NGONG ROAD,80001121,Outpatient,NAIROBI
ALIF MEDICAL CENTRE,80001443,Outpatient,EASTLEIGH
AMRUT HELATH CARE CENTRE,80001033,Outpatient,WESTLANDS
AMURT HEALTH CARE,80001135,Outpatient,WESTLANDS
ANNUNCIATION MISSION DISPENSARY MWIHOKO,22201476,Outpatient,RUARAKA
ARROW WEB HOSPITAL,8000931,Inpatient & Outpatient,BURUBURU
BABA DOGO HEALTH CENTRE,80001820,Outpatient,RUARAKA
BLESSED LOUIS PALAZZOLO HEALTH CENTER,8000884,Inpatient & Outpatient,WESTLANDS
BLISS GVS HEALTHCARE BURUBURU CLINIC,80001936,Outpatient,BURUBURU
BLISS GVS HEALTHCARE EMBAKASI CLINIC,80001935,Outpatient,INDUSTRIAL AREA
BLISS GVS HEALTHCARE ENTERPRISE ROAD CLNIC,80001934,Outpatient,INDUSTRIAL AREA
BLISS GVS HEALTHCARE JOGOO ROAD CLINIC,80001941,Outpatient,BURUBURU
BLISS GVS HEALTHCARE KIBERA CLINIC,80001940,Outpatient,NAIROBI
BLISS GVS HEALTHCARE PANGANI CLINIC,80001938,Outpatient,INDUSTRIAL AREA
BLISS GVS HEALTHCARE PIPELINE CLINIC,80001937,Outpatient,INDUSTRIAL AREA
BLISS GVS HEALTHCARE TELEPOSTA CLINIC,80001939,Outpatient,NAIROBI
BRIDGES MEDICAL CENTRE,80001974,Outpatient,BURUBURU
BRIDGING OUTPATIENT CLINIC,66661975,Outpatient,RUARAKA
BRISTOL PARK HOSPITAL,22201459,Inpatient & Outpatient,INDUSTRIAL AREA
BURUBURU HEALTH CENTRE,8000339,Outpatient,BURUBURU
CITY POINT,8000338,Outpatient,EASTLEIGH
COMMUNAL ORIENTED SERVICES INTERNATIONAL,80001434,Inpatient & Outpatient,INDUSTRIAL AREA
CORBAN HEALTH CARE SERVICES LIMITED,80001702,Outpatient,BURUBURU
COUNTY CARE CLINIC,80001482,Outpatient,INDUSTRIAL AREA
CRESCENT MEDICAL AID,80001129,Outpatient,NAIROBI
CRESENT MEDICAL AID KENYA-JAMIA,80001130,Outpatient,NAIROBI
DANDORA MEDICAL CENTRE,8000325,Inpatient & Outpatient,RUARAKA
DR. H.S KEER MEDICAL CLINIC,80001428,Outpatient,INDUSTRIAL AREA
EDNAH MEDICAL CENTRE,80001946,Outpatient,EASTLEIGH
FAIRVIEW MEDICAL CENTRE,80001550,Outpatient,INDUSTRIAL AREA
FAMILY ACCESS MEDICAL CENTRE,8000335,Outpatient,RUARAKA
FAMILY LIFE PROMOTION AND SERVICES,80001122,Outpatient,BURUBURU
FOCUS MEDICAL AND REHABILITATION CENTRE,8000336,Outpatient,RUARAKA
FREPALS NURSING HOME,80001126,Inpatient & Outpatient,NAIROBI
GREENCROSS MEDICAL & DENTAL SERVICES LTD,80001132,Outpatient,NAIROBI
HOPE MEDICAL CLINIC,8000858,Outpatient,RUARAKA
HURUMA HOSPITAL MATHARE NORTH ANNEX CLINIC,80001989,Outpatient,RUARAKA
HURUMA NURSING & MATERNITY HOME,8000585,Inpatient & Outpatient,RUARAKA
IMARA HEALTH CARE CENTRE,80001036,Outpatient,INDUSTRIAL AREA
JAMII YADHA MEDICAL CENTRE,80001394,Outpatient,INDUSTRIAL AREA
JUJA ROAD HOSPITAL,80001133,Inpatient & Outpatient,RUARAKA
KAHAWA WENDANI HOSPITAL,2220251,Inpatient & Outpatient,RUARAKA
KAHAWA WEST HEALTH CENTRE,80001586,Outpatient,RUARAKA
KASARANI CLAY CITY MEDICAL CENTRE,8000330,Outpatient,RUARAKA
KASARANI HEALTH CENTRE,80001585,Outpatient,RUARAKA
KASARANI NURSING & MAT. HOME,8000561,Inpatient & Outpatient,RUARAKA
KAWANGWARE HEALTH CENTRE,8000340,Outpatient,NAIROBI
KAYOLE HOSPITAL,8000664,Inpatient & Outpatient,BURUBURU
KAYOLE PROVIDE INTERNATIONAL,8000411,Inpatient & Outpatient,BURUBURU
KENYATTA NATIONAL HOSPITAL,8000058,Inpatient & Outpatient,NAIROBI
KIHARA SUB-DISTRICT HOSPITAL,8000955,Inpatient & Outpatient,WESTLANDS
KOMAROCK MODERN MEDICAL CENTRE,8000296,Inpatient & Outpatient,BURUBURU
LIVEWELL CLINIC-MASIMBA,8000327,Outpatient,BURUBURU
MAMA LUCY KIBAKI HOSPITAL,8000651,Inpatient & Outpatient,BURUBURU
MARIA IMMACULATE HOSPITAL,8000754,Inpatient & Outpatient,WESTLANDS
MARIA MAT. & NURSING HOME,8000693,Inpatient & Outpatient,BURUBURU
MARIAKANI COTTAGE HOSPITAL,8000766,Inpatient & Outpatient,INDUSTRIAL AREA
MARIAKANI COTTAGE HOSPITAL,8000578,Inpatient & Outpatient,INDUSTRIAL AREA
"MARIAKANI COTTAGE HOSPITAL, UTAWALA",80001542,Outpatient,INDUSTRIAL AREA
MARURA NURSING HOME,8000713,Inpatient & Outpatient,RUARAKA
MARURA NURSING HOME KARIOBANGI MED CLINI,8000346,Outpatient,RUARAKA
MATHARE HEALTH CARE,80001578,Outpatient,RUARAKA
MATHARE MENTAL HOSPITAL (GENERAL WARD),8000059,Inpatient & Outpatient,RUARAKA
MBAGATHI DISTRICT HOSPITAL,8000006,Inpatient & Outpatient,NAIROBI
MEDIGOLD HEALTH SERVICES LIMITED,80001533,Outpatient,INDUSTRIAL AREA
MEDIHEAL DIAGNOSTIC AND FERTILITY,80001138,Outpatient,WESTLANDS
MEDIPOINT CLINIC,8000334,Outpatient,RUARAKA
MELCHIZEDEK HOSPITAL,8000820,Inpatient & Outpatient,NAIROBI
MILELE INTERGRATED MEDICAL SERVICES,80001438,Outpatient,RUARAKA
MKUNGA MATERNITY & NURSING HOME,80001241,Inpatient & Outpatient,BURUBURU
MOTHER IPPOLITA CATHOLIC DISPENSARY,80001510,Outpatient,INDUSTRIAL AREA
MUNDIKA MATERNITY AND NURSING HOME,8000342,Outpatient,RUARAKA
MWANGAZA ULIO NA TUMAINI CLINIC-KOROGOCHO,80001749,Inpatient,RUARAKA
NAIROBI OUTPATIENT CENTRE,80001021,Outpatient,NAIROBI
NATIONAL SPINAL INJURY HOSPITAL,8000125,Inpatient & Outpatient,NAIROBI
NGUMBA CENTER AND LABORATORY SERVICES,8000874,Inpatient & Outpatient,RUARAKA
NIMOLI MEDICAL SERVICES,80001018,Outpatient,RUARAKA
OLIVE LINK HEALTHCARE,80001579,Inpatient & Outpatient,INDUSTRIAL AREA
OM SHANTI MEDICAL CLINIC,8000347,Outpatient,INDUSTRIAL AREA
PARKROAD NURSING HOME (NAIROBI),8000684,Inpatient & Outpatient,RUARAKA
PATANISHO MATERNITY & NURSING HOME,8000261,Inpatient & Outpatient,BURUBURU
PIPELINE HEALTH CENTRE,8000350,Outpatient,INDUSTRIAL AREA
PIPELINE NURSING HOME,8000055,Inpatient & Outpatient,INDUSTRIAL AREA
PRECIOUS LIFE MEDICAL CENTRE,8000331,Outpatient,BURUBURU
PRECIOUS LIFE MEDICAL CENTRE,80002041,Outpatient,BURUBURU
PRIME HEALTH SERVICES,8000324,Outpatient,RUARAKA
PRUDENT MEDICAL CENTRE AND MATERNITY HOME,80001708,Outpatient,BURUBURU
PUMWANI HOSPITAL MANAGEMENT BOARD,8000118,Inpatient & Outpatient,EASTLEIGH
RADIANT GROUP OF HOSPITALS,8000829,Inpatient & Outpatient,EASTLEIGH
REINHA ROSARY HEALTH CENTRE,80001396,Inpatient & Outpatient,INDUSTRIAL AREA
RUAI FAMILY MEDICAL CENTRE,8000869,Inpatient & Outpatient,BURUBURU
SAMARITAN MEDICAL SERVICES,8000901,Inpatient & Outpatient,RUARAKA
SAVANNAH COUNTY HEALTH CARE,80001574,Outpatient,RUARAKA
SCION HEALTH CARE LTD,80001027,Inpatient & Outpatient,INDUSTRIAL AREA
SEVENTH DAY ADVENTIST HEALTH,80001139,Outpatient,NAIROBI
SILOA MEDICAL CENTRE,80001497,Outpatient,RUARAKA
SOS MEDICAL CENTRE,80001484,Outpatient,BURUBURU
ST. BAKHITA DISPENSARY,80001393,Outpatient,INDUSTRIAL AREA
ST. JOHN'S HOSPITAL LTD,8000738,Inpatient & Outpatient,RUARAKA
ST. JOSEPH NURSING HOME,8000289,Inpatient & Outpatient,EASTLEIGH
ST. JUDES MEDICAL CENTRE,80001395,Outpatient,BURUBURU
ST. PATRICK HEALTH CARE,8000484,Outpatient,BURUBURU
STAR GENERAL MEDICAL CENTRE,80001125,Outpatient,RUARAKA
SUNSHINE MEDICAL AND DIAGNOSTIC CENTRE,80001022,Outpatient,RUARAKA
THE WENT WORTH HOSPITAL,80001240,Outpatient,INDUSTRIAL AREA
THIKA ROAD HEALTH SERVICES,8000966,Outpatient,RUARAKA
THIKA ROAD HEALTH SERVICES - BURUBURU HEALTH,80001198,Outpatient,BURUBURU
UNITY MATERNITY AND NURSING HOME-UMOJA,80001554,Outpatient,BURUBURU
UNIVERSAL HEALTH SERVICES,80001589,Outpatient,NAIROBI
UTAWALA ESTATE HEALTH CENTRE,8000326,Inpatient & Outpatient,INDUSTRIAL AREA
UZIMA DISPENSARY AND MATERNITY,8000923,Inpatient & Outpatient,RUARAKA
VICTORY HOSPITAL LTD,8000945,Inpatient & Outpatient,BURUBURU
VICTORY MEDICAL CENTRE,8000349,Outpatient,BURUBURU
VICTORY MEDICAL CENTRE,8000409,Outpatient,BURUBURU
WAMBUGU MEDICAL CENTRE,80001016,Outpatient,BURUBURU
WESTLANDS MEDICAL CENTRE,80001141,Outpatient,WESTLANDS
CHEPTALAL SUB DISTRICT HOSPITAL,00041046,Outpatient,SOTIK
LONGISA DISTRICT HOSPITAL,0004718,Inpatient & Outpatient,BOMET
NDANAI HEALTH CENTRE,00041650,Outpatient,SOTIK
SIGOR SUB DISTRICT HOSPITAL,0004864,Inpatient & Outpatient,BOMET
SIONGIROI HEALTH CENTRE,00041703,Outpatient,SOTIK
SOTIK HEALTH CENTRE,00041649,Outpatient,SOTIK
ST. ANTHONY'S HEALTH CENTRE ABOSI,0004272,Inpatient & Outpatient,SOTIK
TEGAT HEALTH CENTRE,00041677,-,BOMET
CHEPKUNYUK DISPENSARY,00041917,Outpatient,KERICHO
KAPKATET DISTRICT HOSPITAL,0013099,Inpatient & Outpatient,KERICHO
KERICHO DISTRICT HOSPITAL,0004089,Inpatient & Outpatient,KERICHO
KIPCHIMCHIM MISSION HOSPITAL,0004619,Inpatient & Outpatient,KERICHO
KIPTERE HEALTH CENTRE,00041926,Outpatient,KERICHO
LONDIANI DISTRICT HOSPITAL,0004100,Inpatient & Outpatient,KERICHO
SIGOWET SUB DISTRICT HOSPITAL,0004008,Inpatient & Outpatient,KERICHO
SOSIOT HEALTH CENTRE,00041918,Outpatient,KERICHO
TOROTON DISPENSARY,00041925,Outpatient,KERICHO
A.I.C KAJIADO DISPENSARY,00021423,Outpatient,KAJIADO
ATHI COMPLEX $ COMMUNITY HEALTH,66621098,Inpatient & Outpatient,KITENGELA
ATHI RIVER MEDICAL SERVICES,6662752,Inpatient & Outpatient,KITENGELA
ATHI-RIVER SHALOM COMMUNITY HOSPITAL,6662871,Inpatient & Outpatient,KITENGELA
BEACON OF HOPE,80001727,Outpatient,ONGATARONGAI
BISSIL HEALTH CENTRE,66621613,Outpatient,KAJIADO
ENTARARA HEALTH CENTRE,66621009,Inpatient & Outpatient,LOITOKTOK
FATHER ADRIANO BONFANTI CATHOLIC,66621059,Outpatient,KAJIADO
FATIMA MATERNITY HOSPITAL,8000266,Inpatient & Outpatient,ONGATARONGAI
HIFADHI SIHA MEDICAL AND DIAGNOSTIC CENTRE,66622051,Outpatient,KAJIADO
ISINYA HEALTH CENTRE,6662159,Outpatient,KAJIADO
KAJIADO DISTRICT HOSPITAL,0002097,Inpatient & Outpatient,KAJIADO
KATULANI SUB-DISTRICT HOSPITAL,6660498,Outpatient,KITENGELA
KATULANI SUB-DISTRICT HOSPITAL,66621063,Outpatient,KITENGELA
KIMANA HEALTH CENTRE,00031464,Outpatient,KAJIADO
KITENGELA MEDICAL CENTRE,6662826,Inpatient & Outpatient,KITENGELA
KITENGELA MEDICAL SERVICES-KAJIADO,66621471,Inpatient & Outpatient,KAJIADO
KITENGELA PONA SERVICES,6662262,Inpatient & Outpatient,KITENGELA
KITENGELA SUB-DISTRICT HOSPITAL,66621081,Inpatient & Outpatient,KITENGELA
LANGATA HEALTH CENTRE,80001485,Outpatient,ONGATARONGAI
LEXA MEDICAL CENTRE,66621064,Inpatient & Outpatient,KAJIADO
LOITOKTOK DISTRICT HOSPITAL,0003103,Inpatient & Outpatient,KAJIADO
MAKADARA HEALTH CARE,6662919,Inpatient & Outpatient,KAJIADO
MAKADARA HEALTH CARE,6662919,Inpatient & Outpatient,KITENGELA
MATASIA NURSING HOME,66621060,-,ONGATARONGAI
MAWEPI MEDICAL $ HIV AIDS,66621061,Outpatient,KITENGELA
NAMANGA HEALTH CENTRE,6662158,Outpatient,KAJIADO
NAMANGA HEALTH CENTRE,6662515,Outpatient,KAJIADO
NGONG SUB-DISTRICT HOSPITAL,6662235,Inpatient & Outpatient,ONGATARONGAI
OUTSOURCED MEDICARE,66621538,Outpatient,KAJIADO
PENDA HEALTH LIMITED,66621502,Outpatient,KITENGELA
ROMBO MISSION HOSPITAL,6662988,Inpatient & Outpatient,KAJIADO
S.U.C.O.S HOSPITAL,6662259,Inpatient & Outpatient,KITENGELA
SINAI HOSPITAL RONGAI,8000788,Inpatient,ONGATARONGAI
ST. PAULS HEALTH SERVICES LIMITED,66621592,Inpatient & Outpatient,KITENGELA
SYOKIMAU HEALTH CENTRE,66621695,Outpatient,KITENGELA
TOPCARE NURSING HOME,6662260,Inpatient & Outpatient,KITENGELA
TOPCARE NURSING HOME,6662465,Inpatient & Outpatient,KITENGELA
AKEMO VALLEY MATERNITY & NURSING HOME,3337650,Inpatient & Outpatient,KILGORIS
ANGATABARRIKOI HEALTH CENTRE,00031825,Outpatient,KILGORIS
EMARTI HEALTH CENTRE,00031921,Outpatient,KILGORIS
EMURUA DIKIRR HEALTH CENTRE,00031768,Outpatient,KILGORIS
ENAIBELBEL HEALTH CARE,00131160,Outpatient,NAROK
ENOOSAEN HEALTH CENTRE,00031341,Outpatient,NAROK
EWANG'AN DISPENSARY,00031823,Outpatient,NAROK
EWASO NGIRO HEALTH CENTRE,00031161,Outpatient,NAROK
KABOLECHO COMMUNITY DISPENSARY,00031776,Outpatient,KILGORIS
KAPUN DISPENSARY,00031862,Outpatient,KILGORIS
KIMINTET DISPENSARY,00031865,Outpatient,KILGORIS
KISHON HEALTH CENTRE,00031584,Outpatient,NAROK
KOJONGA DISPENSARY,00031924,Outpatient,NAROK
KURANGURIK HEALTH CENTRE,00031767,Outpatient,KILGORIS
LOLGORIAN DISTRICT HOSPITAL,3336273,Inpatient & Outpatient,KILGORIS
MERAURA DISPENSARY,00031785,Outpatient,KILGORIS
MULOT HEALTH CENTRE,00031814,Outpatient,NAROK
NAIRAGIE ENKARE HEALTH CENTRE,00031162,Outpatient,NAROK
NAROK COTTAGE HOSPITAL,00191665,Inpatient & Outpatient,NAROK
NAROK COUNTY REFERRAL HOSPITAL,0007096,Inpatient & Outpatient,NAROK
NAROK UNIVERSITY CENTRE,00031164,Outpatient,NAROK
NAROOSURA HEALTH CENTRE,00031919,Outpatient,NAROK
NASHA LENGOT MEDICAL CENTRE,00031509,Outpatient,NAROK
NJIPISHIP DISPENSARY,00031791,Outpatient,KILGORIS
NKARETA DISPENSARY,00031824,Outpatient,NAROK
NTULELE DISPENSARY,00031783,Outpatient,KILGORIS
OLASITI DISPENSARY,00031815,Outpatient,NAROK
OLCHORO HEALTH CENTRE,0004447,Outpatient,NAROK
OLDANYATI HEALTH CENTRE,00031753,Outpatient,KILGORIS
OLOKURTO HEALTH CENTRE,00031766,Outpatient,NAROK
OLOLULUNG'A DISTRICT HOSPITAL,0004443,Outpatient,NAROK
"SAGAM MEDICAL CENTRE, NAROK",00031532,Outpatient,NAROK
SAKUTIEK HEALTH CENTRE,00031860,Outpatient,NAROK
SEKANI HEALTH CENTRE,00031165,Outpatient,NAROK
SHARTUKA DISPENSARY,00031778,Outpatient,KILGORIS
SOGOO HEALTH CENTRE,00031166,Outpatient,NAROK
ST. ELIZABETH HEALTH CENTRE,0004445,Outpatient,NAROK
ST. ELIZABETH HEALTH CENTRE,00031167,Outpatient,NAROK
ST. JOSEPH'S HOSPITAL (KILGORIS),0003051,Inpatient & Outpatient,NAROK
TAKITECH DISPENSARY,00031773,Outpatient,KILGORIS
TALEK HEALTH CENTRE,0004446,Outpatient,NAROK
TRANSMARA MEDICARE HOSPITAL,0003809,Inpatient & Outpatient,KILGORIS
TRANSMARA WEST SUB-COUNTY HOSPITAL,0003892,Inpatient & Outpatient,KILGORIS
ADVENT MED & DENT CARE CENTRE,0018438,Outpatient,NAKURU
AFRAHA MATERNITY & NURSING HOME,0019264,Inpatient & Outpatient,NAKURU
ASN UPENDO VILLAGE,00181028,Outpatient,NAIVASHA
BAHATI DISTRICT HOSPITAL,0019926,Inpatient & Outpatient,NAKURU
BARAKA MATERNITY NURSING HOME,0019703,Inpatient & Outpatient,NAKURU
BETHANIA MEDICAL CENTRE,0019278,Inpatient & Outpatient,NAKURU
BISHOP EDDIE LONG BONDENI HOSPITAL,0019559,Inpatient & Outpatient,NAKURU
DR. WABORES CLINIC,00181486,Outpatient,NAKURU
DUNDORI HEALTH CENTRE,00191325,Outpatient,NAKURU
EGERTON UNIVERSITY HEALTH CENTRE,0018545,Inpatient & Outpatient,NAKURU
ELBURGON NYAYO HOSPITAL,0018841,Inpatient & Outpatient,NAKURU
ENGASHURA HEALTH CENTRE,00191320,Outpatient,NAKURU
ESTHER MEMORIAL MATERNITY HOME,0019936,Inpatient & Outpatient,NAKURU
EVANS SUNRISE MEDICAL CENTRE,0020691,Inpatient & Outpatient,NAKURU
FAMILY CARE,00181150,Outpatient,NAKURU
FINLAYS MEDICAL CENTRE,0018575,Inpatient & Outpatient,NAIVASHA
FOREST INDUSRIAL TRAINING CENTRE,00191319,Outpatient,NAKURU
FOUNTAIN MEDICAL CENTRE,00181508,Inpatient & Outpatient,NAKURU
GETA BUSH HEALTH CENTRE,22291292,Outpatient,NAIVASHA
GIBEA MEDICAL CENTRE,00181525,Outpatient,NAKURU
GILGIL SUB DISTRICT HOSPITAL,0018209,Inpatient & Outpatient,NAIVASHA
GK MEDIUM PRISONS DISPENSARY,0018420,Outpatient,NAIVASHA
GREAT COMMISSION MEDICAL CENTRE,00181519,Outpatient,NAKURU
HOLY SPIRIT HEALTH CENTRE GILGIL,0018308,Inpatient & Outpatient,NAIVASHA
HOLY TRINITY H/C LONGONOT,00181145,Outpatient,NAIVASHA
HURUMA DISPENSARY NJORO,00191608,Outpatient,NAKURU
KABARAK HEALTH CENTRE,00181322,Outpatient,NAKURU
KABAZI HEALTH CENTRE,00191323,Outpatient,NAKURU
KAMARA DISPENSARY,00181315,Outpatient,NAKURU
KAPSETEK DISPENSARY,00191317,Outpatient,NAKURU
KARAGITA HEALTH CENTRE,00181296,Outpatient,NAIVASHA
KERINGET HEALTH CENTRE,00191463,Inpatient & Outpatient,NAKURU
KIPSYENANA DISPENSARY NAKURU,00191327,Outpatient,NAKURU
LAKEVIEW MATERNITY & NURSING HOME,0018959,Inpatient & Outpatient,NAIVASHA
LALWET DISPENSARY,00191316,Outpatient,NAKURU
LANET HEALTH CENTRE,00191332,Outpatient,NAKURU
LANGA LANGA HEALTH CENTRE,00191338,Outpatient,NAKURU
LELCHWET HEALTH CENTRE,00191339,Outpatient,NAKURU
LENGINET DISPENSARY,00191331,Outpatient,NAKURU
LOWER SOLAI HEALTH CENTRE,00191318,Outpatient,NAKURU
MAAI MAHIU MATERNITY AND HOSPITAL,00181495,Inpatient & Outpatient,NAIVASHA
MAMLAKA MEDICAL CENTRE,00191811,Outpatient,NAKURU
MANGU DISPENSARY,00191326,Outpatient,NAKURU
MEDIHEAL HOSPITAL,0019276,Inpatient & Outpatient,NAKURU
MIRUGI KARIUKI DISPENSARY,00191324,Outpatient,NAKURU
MOGOTIO HEALTH CENTRE,0018241,Inpatient & Outpatient,NAKURU
MOLO DISTRICT HOSPITAL,0018101,Inpatient & Outpatient,NAKURU
MOTHER KELVIN CATHOLIC HEALTH CENTRE,0019269,Inpatient & Outpatient,NAKURU
MT. LONGONOT MEDICAL SERVICES LIMITED,0018745,Inpatient & Outpatient,NAIVASHA
MUACHE TAITA DISPENSARY,00181261,Outpatient,NAKURU
MULEMI MATERNITY NURSING HOME,0018935,Inpatient & Outpatient,NAIVASHA
MUNUNGA HEALTH CENTRE,0018574,Outpatient,NAIVASHA
NACOHAG MEDICAL CENTRE,00181147,Outpatient,NAIVASHA
NAIVASHA DISTRICT HOSPITAL,0018095,Inpatient & Outpatient,NAIVASHA
NAKURU HEART CENTRE,00191609,Outpatient,NAKURU
NAKURU PRISON HOSPITAL NAKURU,0019210,Outpatient,NAKURU
NAKURU WEST DISPENSARY,00191329,Outpatient,NAKURU
NDONYO HEALTH CARE,0018310,Outpatient,NAIVASHA
NESSUET DISPENSARY,00191333,Outpatient,NAKURU
NEW KIMILILI MEDICAL CLINIC,00181148,Outpatient,NAIVASHA
NJ0RO HEALTH CENTRE,00191334,Outpatient,NAKURU
OGILGEI DISPENSARY,00191337,Outpatient,NAKURU
OLEGURUONE SUBDISTRICT HOSPITAL,0018794,Inpatient & Outpatient,NAKURU
P.C.E.A. NAKURU WEST HOSPITAL,0019915,Inpatient & Outpatient,NAKURU
POLY-CLINIC HOSPITAL,0017663,Inpatient & Outpatient,NAIVASHA
PROVINCIAL GENERAL HOSP. ANNEX NAKURU,0019160,Inpatient & Outpatient,NAKURU
QUALITY HEALTH CARE,00181149,Outpatient,NAIVASHA
RIFT VALLEY PROV. GENERAL HOSP. NAKURU,0019084,Inpatient & Outpatient,NAKURU
RONGAI HEALTH CENTRE,00191330,Outpatient,NAKURU
SACHANGWAN HEALTH CENTRE,00191643,-,MOLO
SISTER MAZZOLDI DISPENSARY AND MATERNITY,00191694,Inpatient & Outpatient,NAKURU
ST ELIZABETH MEDICAL CENTRE,0019885,Inpatient & Outpatient,NAKURU
ST. ANTHONY HEALTH CENTRE,0019916,Inpatient & Outpatient,NAKURU
ST. JOSEPH'S NURSING AND MATERNITY HOM,0018722,Inpatient & Outpatient,NAKURU
ST.MARTIN DE PORRES DISPENSARY,00191743,Outpatient,OLENGURUONE
STATE HOUSE DISPENSARY NAKURU,00191328,Outpatient,NAKURU
SUBUKIA HEALTH CENTRE,00181335,Outpatient,NAKURU
TONYMED MEDICAL CLINIC,00191660,Outpatient,OLENGURUONE
TUIYOTICH DISPENSARY,00191336,Outpatient,NAKURU
UPPER SOLAI HEALTH CENTRE,00191321,Outpatient,NAKURU
VINET MEDICAL SERVICES,00181297,Outpatient,NAIVASHA
BENEDICT XVI CATHOLIC DISPENSARY,22261556,Outpatient,NANYUKI
CATHOLIC DISPENSARY DIMESE SISTERS,22291518,Outpatient,NANYUKI
CHARITY MEDICAL CENTRE,2229741,Inpatient & Outpatient,NANYUKI
DON BOSCO MISSION DISPENSARY,0009430,Outpatient,NANYUKI
DR BEN MUTHIORA,00091093,Outpatient,NANYUKI
EQUICELL MEDICAL SERVICES,0009434,Outpatient,NANYUKI
EQUICELL MEDICAL SERVICES,0007396,Outpatient,NANYUKI
GOOD HOPE MEDICAL CENTRE,2229736,Inpatient & Outpatient,NANYUKI
JOHN PAUL II HURUMA HEALTH CENTRE,0007246,Outpatient,NANYUKI
KISIMA HEALTH CENTRE,0009424,Outpatient,NANYUKI
LOLYANGALANI MISSION HEALTH CENTRE,0009431,Outpatient,NANYUKI
MARALAL CATHOLIC DISPENSARY,0009427,Outpatient,NANYUKI
NANYUKI DISTRICT HOSPITAL,0007093,Inpatient & Outpatient,NANYUKI
NANYUKI MATERNITY AND NURSING HOME,0007573,Inpatient & Outpatient,NANYUKI
NDINDIKA HEALTH CENTRE,00071095,Outpatient,NANYUKI
NGARUA CATHOLIC DISPENSARY,22291528,Outpatient,NANYUKI
NGARUA RURAL HEALTH CENTRE,22291172,Outpatient,NANYUKI
NYAHURURU DISTRICT HOSPITAL,2229092,Inpatient & Outpatient,NANYUKI
OLJABET ANNEX MEDICAL AND NURSING HOME,22291512,Inpatient & Outpatient,NANYUKI
OLJABET MEDICAL CENTRE - LAIKIPIA,2229797,Inpatient & Outpatient,NANYUKI
RUMURUTI CATHOLIC DISPENSARY,00071096,Outpatient,NANYUKI
RUMURUTI DISTRICT HOSPITAL,00071269,Inpatient & Outpatient,NANYUKI
SEGERA MISSION CLINIC,00071736,Inpatient & Outpatient,NANYUKI
SIPILI MATERNITY & NURSING HOME,0007292,Inpatient & Outpatient,NANYUKI
SOUTH HORR CATHOLIC CENTRE,0009429,Outpatient,NANYUKI
SOUTH HORR DISPENSARY,0009432,Outpatient,NANYUKI
ST JOHN MEDICAL CLINIC,00071526,Outpatient,NANYUKI
TIMAU SUB - DISTRICT HOSPITAL,0007284,Outpatient,NANYUKI
UNISON MEDICAL CENTRE,22291700,Outpatient,NANYUKI
WAMBA DISTRICT HOSPITAL,0009423,Inpatient & Outpatient,NANYUKI
WELLNESS MEDICAL CARE,22291173,Outpatient,NANYUKI
WINGS MEDICAL AND EYE CLINIC,22291521,Outpatient,NANYUKI
BARINGO DISTRICT HOSPITAL (KABARNET),0006090,Inpatient & Outpatient,KABARNET
BARTABWA HEALTH CENTRE,00061787,Outpatient,KABARNET
BARWESSA HEALTH CENTRE,00061781,Outpatient,KABARNET
CHEMOLINGOT DISTRICT HOSPITAL,0017961,Inpatient & Outpatient,KABARNET
ELDAMA RAVINE SUB-DISTRICT HOSPITAL,0019712,Inpatient & Outpatient,KABARNET
EMINING HEALTH CENTRE,00061621,Inpatient & Outpatient,KABARNET
ESAGERI HEALTH CENTER,00061045,Inpatient & Outpatient,KABARNET
ILG'ARUA DISPENSARY,00061810,Outpatient,KABARNET
KABARTONJO DISTRICT HOSPITAL,0017243,Inpatient & Outpatient,KABARNET
KAMBI SAMAKI HEALTH CENTRE,00061789,Outpatient,KABARNET
KAPTIMBOR DISPENSARY,00061780,Outpatient,KABARNET
KIMALEL HEALTH CENTER,00061044,Inpatient & Outpatient,KABARNET
KIPTAGICH HEALTH CENTRE,00061788,Outpatient,KABARNET
KISANANA HEALTH CENTRE,00061625,Inpatient & Outpatient,KABARNET
KITURO HEALTH CENTRE,00061775,Outpatient,KABARNET
KOLOWA HEALTH CENTRE,00061626,Inpatient & Outpatient,KABARNET
KUIKUI HEALTH CENTRE,00061774,Outpatient,KABARNET
MARIGAT CATHOLIC MISSION DISPENSARY,00061754,Outpatient,KABARNET
MARIGAT SUB-DISTRICT HOSPITAL,0006894,Inpatient & Outpatient,KABARNET
MOCHONGOI HEALTH CENTRE,00061620,Inpatient & Outpatient,KABARNET
MOGORWA HEALTH CENTRE,00061765,Outpatient,KABARNET
NGUBERETI HEALTH CENTRE,00061624,Inpatient & Outpatient,KABARNET
POI DISPENSARY,00061799,Outpatient,KABARNET
RAVINE GLORY HEALTH CARE SERVICES,0006359,Outpatient,KABARNET
REALE MEDICAL CENTRE KABARNET,00061932,Outpatient,KABARNET
SALAWA CATHOLIC MISSION DISPENSARY PHC ACTIV,00061804,Outpatient,KABARNET
SALAWA HEALTH CENTRE,00061764,Outpatient,KABARNET
TENGES HEALTH CENTRE,00061622,Inpatient & Outpatient,KABARNET
TIONYBEI MEDICAL CLINIC,0006358,Outpatient,KABARNET
TORONGO HEALTH CENTRE,00061623,Inpatient & Outpatient,ELDAMARAVINE
APEX MEDICAL SERVICES,00131156,Outpatient,NANDIHILLS
BETHESDA MEDICAL CLINIC,00131157,Outpatient,KAPSABET
CHEMASE HEALTH CENTRE,00131275,Outpatient,KAPSABET
CHEMUDU DISPENSARY,00131671,-,KAPSABET
CHEPKEMEL HEALTH CENTRE,00131676,-,KAPSABET
CHEPTABACH DISPENSARY,00131769,Outpatient,NANDIHILLS
CHEPTERWAI SUB-DISTRICT HOSPITAL,00131154,Outpatient,KAPSABET
CHEPTINGWICH HEALTH CENTRE,00131836,Outpatient,KAPSABET
KABIEMIT DISPENSARY,00131272,Outpatient,KAPSABET
KABIYET HEALTH CENTRE,00131155,Outpatient,KAPSABET
KAIBOI MISSION HEALTH CENTRE,0013990,Inpatient & Outpatient,KAPSABET
KAPKANGANI HEALTH CENTRE,00131675,-,KAPSABET
KAPSABET DISTRICT HOSPITAL,0013085,Inpatient & Outpatient,KAPSABET
KAPSAMOITE DISPENSARY,00131669,-,KAPSABET
KAPSISIYWA DISPENSARY,00131674,-,KAPSABET
KAPTUMO SUB-DISTRICT HOSPITAL,00131274,Inpatient & Outpatient,KAPSABET
KEBEN DISPENSARY,00131658,-,NANDIHILLS
KIBIRISANG DISPENSARY,00131656,-,KAPSABET
KILIBWONI HEALTH CENTRE,00131628,Inpatient & Outpatient,KAPSABET
KILIBWONI HEALTH CENTRE,00131661,Inpatient & Outpatient,KAPSABET
KIMONG DISPENSARY,00131655,-,KAPSABET
KINGWAL HEALTH CENTRE,00131672,-,KAPSABET
KIPSIGAK DISPENSARY,00131673,-,KAPSABET
KOBUJOI MISSION HOSPITAL,0013947,Inpatient & Outpatient,KAPSABET
KOILOT HEALTH CENTRE,00131657,Outpatient,NANDIHILLS
LELMOKWO DISPENSARY,00131771,Outpatient,KAPSABET
LESSOS MEDICAL CLINIC,00131158,Outpatient,KAPSABET
LOLKERINGET DISPENSARY,00131663,-,KAPSABET
LOLMININGAI HEALTH CENTRE,00131670,-,KAPSABET
MESWO(TUNZA) MEDICAL SERVICES,00131152,Outpatient,KAPSABET
METEITEI SUB-DISTRICT HOSPITAL,0017896,Inpatient & Outpatient,NANDIHILLS
MOSORIOT RURAL HEALTH TRAINING CLINIC,00131273,Inpatient & Outpatient,KAPSABET
MOTHER FRANCISCA MATERNITY & NURSING HOM,0013989,Inpatient & Outpatient,KAPSABET
NANDI HILLS DISTRICT HOSPITAL,0013102,Inpatient & Outpatient,KAPSABET
NANDI HILLS MEDICARE,00131159,Outpatient,NANDIHILLS
ROMOSHA HEALTH CENTRE,00031790,Outpatient,KAPSABET
SOBA RIVER HEALTH CENTRE,00131668,-,NANDIHILLS
SOCHOI DISPENSARY,00131662,-,NANDIHILLS
ST. JOSEPH MISSION HOSPITAL,0013462,Inpatient & Outpatient,KAPSABET
ARROR HEALTH CENTRE,0017486,Inpatient & Outpatient,ITEN
ARROR HEALTH CENTRE,0015866,Inpatient & Outpatient,ITEN
CHEBIEMIT DISTRICT HOSPITAL,0017231,Inpatient & Outpatient,ITEN
CHEBORORWA HEALTH CENTRE,00151312,Outpatient,ITEN
CHEPKORIO HEALTH CENTRE,00151309,Inpatient & Outpatient,ITEN
CHESONGOCH HEALTH CENTRE,0017827,Inpatient & Outpatient,ITEN
ENDO HEALTH CENTRE,0015867,Inpatient & Outpatient,ITEN
ITEN DISTRICT HOSPITAL,0015717,Inpatient & Outpatient,ITEN
KAMWOSOR SUB DISTRICT HOSPITAL,00151303,Outpatient,ITEN
KAPCHEROP HEALTH CENTRE,00151307,Outpatient,ITEN
KAPKOI HEALTH CENTRE,00151310,Inpatient & Outpatient,ITEN
KAPTARAKWA SUB DISTRICT HOSPITAL,00151314,Outpatient,ITEN
KOCHOLWO SUB DISTRICT HOSPITAL,00151311,Outpatient,ITEN
MOGIL HEALTH CENTRE,00151304,Inpatient & Outpatient,ITEN
TAMBACH DISTRICT HOSPITAL,0015849,Inpatient & Outpatient,ITEN
TOT DISTRICT HOSPITAL,0017233,Inpatient & Outpatient,ITEN
BURNT FOREST SUB-DISTRICT HOSPITAL,00171619,Inpatient & Outpatient,ELDORET
CEDAR CLINICAL ASSOCIATES,0017481,Outpatient,ELDORET
CHEMBULET HEALTH CENTRE,00171752,Outpatient,ELDORET
CHEPKANGA HEALTH CENTRE,00171856,Outpatient,ELDORET
CHEPKIGEN HEALTH CENTRE,00171819,Outpatient,ELDORET
HURUMA DISTRICT HOSPITAL,0017645,Outpatient,ELDORET
KESSES HEALTH CENTRE,00171857,Outpatient,ELDORET
KIMUMU HEALTH CENTRE,00171777,Outpatient,ELDORET
KUINET HEALTH CENTRE,00171808,Outpatient,ELDORET
LELMOLOK NURSING HOME,0017993,Inpatient & Outpatient,ELDORET
MOI TEACHING & REFERRAL HOSPITAL.,0017086,Inpatient & Outpatient,ELDORET
MOIBEN HEALTH CENTRE,00171305,Outpatient,ELDORET
PLATEAU MISSION HOSPITAL (ELDORET),0017150,Inpatient & Outpatient,ELDORET
RACECOURSE HOSPITAL,00171530,Inpatient & Outpatient,ELDORET
SOSIANI HEALTH CENTRE,00171302,Outpatient,ELDORET
SOY HEALTH CENTRE,00171306,Inpatient & Outpatient,ELDORET
ST. BRIGITAS CATHOLIC YA MUMBI,0017855,Inpatient & Outpatient,ELDORET
ST. LUKE'S ORTHOPAEDICS & TRAUMA HOSPITA,00171447,Inpatient & Outpatient,ELDORET
TRINITY MISSION HOSPITAL,00171600,Outpatient,ELDORET
TURBO RURAL & DEMONSTRATION CENTRE,00171313,Outpatient,ELDORET
TURBO SUB-DISTRICT HOSPITAL,55501686,Inpatient & Outpatient,ELDORET
UASIN GISHU DISTRICT HOSPITAL,00171691,Inpatient & Outpatient,ELDORET
ANDERSON MEDICAL CENTRE,0016054,Inpatient & Outpatient,KITALE
BIKEKE HEALTH CENTRE,00161457,Outpatient,KITALE
CRYSTAL COTTAGE HOSPITAL AND MEDICAL CLINIC,00161728,Inpatient & Outpatient,KITALE
EBENEZER MEDICAL CLINIC,0016582,Outpatient,KITALE
ENDEBESS SUB-DISTRICT HOSPITAL,0016956,Inpatient & Outpatient,KITALE
KAPSARA DISTRICT HOSPITAL,00161474,Inpatient & Outpatient,KITALE
KIMININI COTTAGE HOSPITAL,0017642,Inpatient & Outpatient,KITALE
KITALE DISTRICT HOSPITAL,0016087,Inpatient & Outpatient,KITALE
KITALE NURSING HOME,0016179,Inpatient & Outpatient,KITALE
KONGONI HEALTH CENTRE,44401453,Outpatient,KITALE
MARIE STOPES KENYA-KITALE CLINIC,00161735,Outpatient,KITALE
MATUNDA MATERNITY HOME,00161013,Outpatient,KITALE
MOI'S BRIDGE HEALTH CENTRE,00162011,Outpatient,KITALE
SISTER FRIDAS MEDICAL CENTRE,0017647,Inpatient & Outpatient,KITALE
CHEPARERIA SUB DISTRICT HOSPITAL,00121451,Inpatient & Outpatient,KAPENGURIA
CHESTA DISPENSARY,00161644,Outpatient,KAPENGURIA
KABICHBICH HEALTH CENTRE,00121458,Outpatient,KAPENGURIA
KACHELIBA DISTRICT HOSPITAL,00121469,Inpatient & Outpatient,KAPENGURIA
KAPENGURIA DISTRICT HOSPITAL,0012088,Inpatient & Outpatient,KAPENGURIA
LOMUT DISPENSARY,00121452,Outpatient,KAPENGURIA
ORTUM MISSION HOSPITAL (KITALE),0016161,Inpatient & Outpatient,KAPENGURIA
SEREWO HEALTH CENTRE,00121465,Outpatient,KAPENGURIA
SIGOR SUB-DISTRICT HOSPITAL,00121460,Outpatient,KAPENGURIA
TUINA MEDICAL CLINIC,00161740,Outpatient,KAPENGURIA
AIC KALOKOL HEALTH CENTRE,00101680,Outpatient,LODWAR
AIC LOKICHOGIO HEALTH CENTRE,0017987,Inpatient & Outpatient,LODWAR
GK PRISONS DISPENSARY,00161659,-,LODWAR
KAINUK HEALTH CENTRE,00161748,Outpatient,LODWAR
KAKUMA MISSION HOSPITAL,0017851,Inpatient & Outpatient,LODWAR
LODWAR DISTRICT,0010098,Inpatient & Outpatient,LODWAR
LOKITANG HOSPITAL LODWAR,0010207,Inpatient & Outpatient,LODWAR
LOPIDING DISTRICT HOSPITAL,0016905,Inpatient & Outpatient,LODWAR
MAKUTANO HEALTH CENTRE,00161645,-,LODWAR
A.I.C KIJABE MEDICAL CENTRE,0018123,Inpatient & Outpatient,LIMURU
AFRICAN MUSLIMS AGENCY HEALTH CENTRE,22201440,Inpatient & Outpatient,THIKA
AIC -CURE INTERNATIONAL CHILDREN'S HOSPITAL,0018755,Inpatient & Outpatient,LIMURU
AKSHAR HEALTH CARE LIMITED,22201567,Inpatient & Outpatient,LIMURU
ASSUMPTION OF MARY CATHOLIC DISPENSARY,22201419,Outpatient,THIKA
BETA CARE HOSPITAL LIMITED,2220875,Inpatient & Outpatient,KIAMBU
CARITAS COMMUNITY HOSPITAL,22201779,Inpatient & Outpatient,THIKA
CARITAS MARIANA DISPENSARY,22201416,Outpatient,THIKA
CENTRAL MEMORIAL HOSPITAL (THIKA),2220189,Inpatient & Outpatient,THIKA
COMRADE NURSING HOME,2224265,Inpatient & Outpatient,RUIRU
CREATIVE MEDICAL SERVICES,22201071,Outpatient,KIAMBU
DONYO SABUK MAT & NUR HOME,6662711,Inpatient & Outpatient,THIKA
G.S.U HEALTH CENTRE RUIRU,80001380,Outpatient,RUIRU
GACHORORO HEALTH CENTRE,22201983,Outpatient,KIAMBU
GARDEN PARK MEDICAL CENTRE,22201705,Outpatient,KIAMBU
GATUNDU DISTRICT HOSPITAL,2220122,Inpatient & Outpatient,RUIRU
GATUNDU WOMENS HOSPITAL,22201069,Outpatient,RUIRU
GICHURU DISPENSARY,22201401,Outpatient,LIMURU
GITHIGA HEALTH CENTRE,22201985,Outpatient,KIAMBU
GITHUNGURI HEALTH CENTRE,22201881,Inpatient & Outpatient,KIAMBU
IGEGANIA HEALTH CENTRE,2220802,Inpatient & Outpatient,THIKA
IGEGANIA SUB-DISTRICT HOSPITAL,22201255,Outpatient,LIMURU
IMMACULATE HEART OF MARY HOSPITAL,2220021,Inpatient & Outpatient,THIKA
KAGIO NURSING HOME,2224814,Inpatient & Outpatient,RUIRU
KALIMONI MISSION HOSPITAL,2220906,Inpatient & Outpatient,THIKA
KERUGOYA DISTRICT HOSPITAL,2224068,Inpatient & Outpatient,RUIRU
KERUGOYA DISTRICT HOSPITAL,2224778,Inpatient & Outpatient,RUIRU
KIAMBU DISTRICT HOSPITAL,2220063,Inpatient & Outpatient,KIAMBU
KIAMBU MEDICAL CENTRE,2220452,Outpatient,KIAMBU
KIANYAGA SUB-DISTRICT HOSPITAL,2224960,Inpatient & Outpatient,RUIRU
KIKUYU SUB COUNTY LUSSEGETTI,22201882,Inpatient,KIAMBU
KIMBIMBI SUB-DISTRICT HOSPITAL,6664897,Inpatient & Outpatient,RUIRU
KIMBO HEALTH CARE CENTRE,22201868,Outpatient,RUIRU
KIMENDE ORTHODOX MISSION H/CENTRE,2220318,Outpatient,LIMURU
LARI HEALTH CENTRE,2220321,Inpatient & Outpatient,LIMURU
LIMURU HEALTH CENTRE,22201254,Inpatient & Outpatient,LIMURU
LIMURU NURSING HOME,2220154,Inpatient & Outpatient,LIMURU
MARY HELPER OF THE SICK NGARARIGA H/CENT,2220322,Inpatient & Outpatient,LIMURU
MERCY LIGHT HOSPITAL,22201072,Inpatient & Outpatient,KIAMBU
MGORONGO HEALTH CENTRE,22201257,Outpatient,LIMURU
MIGUTA HEALTH CENTRE,22202009,Outpatient,KIAMBU
MT.SINAI HOSPITAL,2220744,Inpatient & Outpatient,THIKA
MUNYU HEALTH CENTRE,22201287,Inpatient & Outpatient,THIKA
MWEA MEDICAL CENTRE,2224688,Inpatient & Outpatient,RUIRU
NAIDU HOSPITAL,2220821,Inpatient & Outpatient,THIKA
NAZARETH HOSPITAL RIARA RIDGE,2220129,-,KIAMBU
NAZARETH HOSPITAL RUIRU,2220297,Inpatient & Outpatient,KIAMBU
NDEIYA HEALTH CENTRE,2220320,Inpatient & Outpatient,LIMURU
NGECHA MODEL HEALTH CENTRE,22202018,Outpatient,KIAMBU
NGEWA HEALTH CENTRE,22201400,Outpatient,KIAMBU
OUR LADY'S HOSPICE,2220247,Inpatient,LIMURU
P.C.E.A HOSPITAL KIKUYU,2220043,Inpatient & Outpatient,LIMURU
PLAINSVIEW NURSING HOME,2220848,Inpatient & Outpatient,RUIRU
RADIANT GROUP OF HOSPITALS-KIAMBU,22201745,-,KIAMBU
RUIRU PRISONS STAFF TRAINING COLLEGE HEALTH,80001239,Outpatient,RUIRU
RUIRU PRIVATE HOSPITAL,2220836,Inpatient & Outpatient,RUIRU
RUIRU SUB DISTRICT HOSPITAL,2220800,Inpatient & Outpatient,RUIRU
SPA NURSING HOME,22201817,Outpatient,RUIRU
ST. IMMACULATE HEART HOSPITAL,2220250,Inpatient & Outpatient,LIMURU
ST. JUDE NURSING HOME,2220832,Inpatient & Outpatient,RUIRU
ST. PAUL'S UNIVERSITY HEALTH CENTRE,2220518,Outpatient,LIMURU
ST.MARGARET MEDICAL CLINIC,22201750,Outpatient,THIKA
ST.MARY'S MOTHER AND CHILD MEDICAL CENTRE,22201723,Outpatient,KIAMBU
ST.TERESA HOSPITAL KIAMBU,22201632,Inpatient & Outpatient,KIAMBU
ST.TERESA KIKUYU MATERNITY & NUR. HOME,2220767,Inpatient & Outpatient,LIMURU
SUNVIEW MATERNITY AND NURSING HOME,2220509,Outpatient,KIAMBU
THE RETREAT (REHABILITATION CENTRE),2220280,Inpatient,LIMURU
THIKA LEVEL 5 HOSPITAL,2220067,Inpatient & Outpatient,THIKA
THIKA NURSING HOME (THIKA),2220153,Inpatient & Outpatient,THIKA
TIGONI DISTRICT HOSPITAL,2220064,Inpatient & Outpatient,LIMURU
TRANSCON WENDO MEDICAL SERVICES,2220365,Inpatient & Outpatient,RUIRU
VINEYARD HOSPITAL,22201070,-,THIKA
WANGIGE HEALTH CENTRE,22201402,Inpatient & Outpatient,LIMURU
BATIAN MEDICAL SERVICES,2222490,Outpatient,NYERI
BELLEVUE HEALTH CARE,22261181,Outpatient,NYERI
CONSOLATA HOSPITAL (NYERI),2226050,Inpatient & Outpatient,NYERI
EBENEZER NURSING HOME,22261593,Inpatient & Outpatient,NYERI
EMMANUEL COMMUNITY HEALTH CLINIC,2222472,Outpatient,NYERI
ENDARASHA HEALTH CENTRE,22261762,Outpatient,NYERI
GAKAWA HEALTH CENTRE,22261801,Outpatient,NYERI
GICHICHE HEALTH CENTRE,22261374,Outpatient,NYERI
GICHIRA HEALTH CENTRE,22261839,Outpatient,NYERI
GUMBA HEALTH CENTRE,22261761,Outpatient,NYERI
ITHURU HEALTH CENTRE,22261911,Outpatient,NYERI
KARABA HEALTH CENTRE,22261827,Outpatient,OTHAYA
KARATINA DISTRICT HOSPITAL,2226166,Inpatient & Outpatient,NYERI
KARATINA MATERNITY AND NURSING HOME,2226727,Inpatient & Outpatient,NYERI
KARIA HEALTH CENTRE,22261838,Outpatient,NYERI
KIAMABARA HEALTH CENTRE,22261828,Outpatient,KARATINA
KIGANJO HEALTH CENTRE,22261182,Outpatient,NYERI
KINUNGA HEALTH CENTRE,22261913,Outpatient,NYERI
MAHIGA HEALTH CENTRE,2222505,Outpatient,NYERI
MAHIGA HEALTH CENTRE,22261375,Outpatient,NYERI
MARY IMMACULATE HOSPITAL,2226200,Inpatient & Outpatient,NYERI
MATHINGIRA MEDICAL CENTRE,2222492,Outpatient,NYERI
MT. KENYA HOSPITAL,2226011,Inpatient & Outpatient,NYERI
MUGUNDA CATHOLIC DISPENSARY,2222487,Outpatient,NYERI
MUKURWE-INI SUB DISTRICT HOSPITAL,2226707,Inpatient & Outpatient,NYERI
MURIRANJA DISTRICT HOSPITAL,2222066,Inpatient & Outpatient,NYERI
MURUGURU MEDICAL CLINIC,22261826,Outpatient,NYERI
MWEIGA HEALTH CENTRE,22261831,Outpatient,NYERI
NAROMORU CATHOLIC DISPENSARY,22261179,Outpatient,NYERI
NAROMORU HEALTH CENTRE,22261180,Outpatient,NYERI
NGORANO HEALTH CENTRE,22261760,Outpatient,NYERI
NYERI PROVINCIAL GENERAL HOSPITAL,2226062,Inpatient & Outpatient,NYERI
NYERI TOWN HEALTH CENTRE,22261757,Outpatient,OTHAYA
OTHAYA SUB-DISTRICT HOSPITAL,2226854,Inpatient & Outpatient,NYERI
P.C.E.A HOSPITAL(TUMUTUMU) KARATINA,2226040,Inpatient & Outpatient,NYERI
RUGURU COMMUNITY HEALTH CENTRE,22261798,Outpatient,NYERI
THANGATHI HEALTH CENTRE,22261841,Outpatient,OTHAYA
THE KAREN HOSPITAL LIMITED KARATINA CLINIC,22261869,Outpatient,NYERI
UNJIRU HEALTH CENTRE,22261758,Outpatient,NYERI
VIVA AFYA KARATINA HEALTH CENTRE,22261738,Outpatient,NYERI
WAKA RURINGU MATERNITY,2226568,Inpatient & Outpatient,NYERI
WAMAGANA HEALTH CENTRE,22261830,Outpatient,NYERI
WARAZO HEALTH CENTRE,22261184,Outpatient,NYERI
WITIMA HEALTH CENTRE,22261840,Outpatient,OTHAYA
"A.C,K NYANDARUA MEDICAL CENTRE",22291731,Outpatient,OL'KALOU
BAMBOO HEALTH CENTRE,22291175,Outpatient,OL'KALOU
ENGINEER DISTRICT HOSPITAL,0018274,Inpatient & Outpatient,OL'KALOU
FR BALOO CATHOLIC DISPENSARY,22291176,Outpatient,OL'KALOU
J.M.KARIUKI(OL KALOU)DISTRICT HOSPITAL,2229167,Inpatient & Outpatient,OL'KALOU
KARANGATHA HEALTH CENTRE,22291293,Outpatient,OL'KALOU
MANUNGA HEALTH CENTRE,00181171,Outpatient,OL'KALOU
MIRANGINE HEALTH CENTRE,22291177,Outpatient,OL'KALOU
MUTHA HEALTH CENTRE,66601929,Inpatient,NYAHURURU
NDARAGWA HEALTH CENTRE,2222489,Outpatient,OL'KALOU
NDARAGWA HEALTH CENTRE,22291174,Outpatient,OL'KALOU
NDEMI HEALTH CENTRE,22291295,Outpatient,OL'KALOU
NJABINI CATHOLIC DISPENSARY,22291168,Outpatient,OL'KALOU
NJAMBINI HEALTH CENTRE,22291169,Outpatient,OL'KALOU
NORTHKINANGOP CATHOLIC HOSPITAL,2229181,-,OL'KALOU
OL-JOROOROK CATHOLIC DISPENSARY,22291524,Outpatient,OL'KALOU
ROSEWOOD MEDICAL CENTRE,22261725,Outpatient,NYAHURURU
SHAMATA HEALTH CENTRE,00181928,Inpatient & Outpatient,NYAHURURU
ST. MATHEWS AND SARAH HEALTH CENTRE,22261183,Outpatient,OL'KALOU
URUKU DISPENSARY,00181916,Outpatient,OL'KALOU
WANJOHI HEALTH CENTRE,0018408,Outpatient,OL'KALOU
KERUGOYA MEDICAL CENTRE,2224834,Inpatient & Outpatient,KERUGOYA
KUTUS DISPENSARY,22241641,-,KERUGOYA
NGURUBANI MEDICAL SERVICES,22241631,Inpatient & Outpatient,KERUGOYA
OUR LADY OF LOURDES MWEA HOSPITAL,2224395,Inpatient & Outpatient,KERUGOYA
OUR LADY OF LOURDES MWEA HOSPITAL,2224149,Inpatient & Outpatient,KERUGOYA
SAGANA HEALTH CENTRE,22241630,Inpatient & Outpatient,KERUGOYA
THIBA HEALTH CENTRE,22241640,-,KERUGOYA
WHITE ROSE MEDICAL CENTRE,22241715,Inpatient & Outpatient,KERUGOYA
AIC GITHUMU HOSPITAL,2222720,Inpatient & Outpatient,MURANG'A
GAICHANJIRU CATHOLIC HOSPITAL(MURANGA),2222035,Inpatient & Outpatient,MURANG'A
GATURA HEALTH CENTRE,22201281,Outpatient,MURANG'A
KANDARA HEALTH CENTRE,22201280,Outpatient,MURANG'A
KANGARI HEALTH CENTRE,22201278,Outpatient,MURANG'A
KANGEMA SUB-DISTRICT HOSPITAL,2226285,Inpatient & Outpatient,MURANG'A
KENOL HOSPITAL,2220932,Inpatient & Outpatient,MURANG'A
KIMKAN HEALTH SERVICES,2222470,Outpatient,MURANG'A
KIRIAINI CONSOLATA HOSPITAL(MURANGA),2222162,Inpatient & Outpatient,MURANG'A
KIRWARA SUB-DISTRICT HOSPITAL,2220953,Inpatient & Outpatient,MURANG'A
MAKUYU HEALTH CENTRE,22201285,Outpatient,MURANG'A
MARAGUA DISTRICT HOSPITAL,2270838,Inpatient & Outpatient,MURANG'A
MARAGUA RIDGE HEALTH CENTRE,22201283,Outpatient,MURANG'A
MURANGA DISTRICT HOSPITAL,2222065,Inpatient & Outpatient,MURANG'A
MURANGA HEALTHCARE SERVICES,22221514,Outpatient,MURANG'A
NYAKIANGA HEALTH CENTRE,22221373,Outpatient,MURANG'A
SABA SABA HEALTH CENTRE,22201282,Outpatient,MURANG'A
ADMINISTRATION POLICE DISPENSARY,4440384,Outpatient,KAKAMEGA
AHMADIYA MUSLIM HOSPITAL,4443948,Inpatient & Outpatient,MUMIAS
BAHAI DISPENSARY,4440380,Outpatient,KAKAMEGA
BUKAYA HEALTH CENTRE,44431437,Outpatient,MUMIAS
BUKAYA MEDICAL CENTRE,4443791,Inpatient & Outpatient,MUMIAS
BUKURA HEALTH CENTRE,4440386,Outpatient,KAKAMEGA
BUKURA RURAL HEALTH DEMONSTRATION,44401066,Outpatient,KAKAMEGA
BUSHIRI HEALTH CENTRE,4440387,Outpatient,KAKAMEGA
BUTERE DISTRICT HOSPITAL,4443910,Inpatient & Outpatient,MUMIAS
CENTRAL MATERNITY & NURSING HOME,4442608,Inpatient & Outpatient,KAKAMEGA
CHOMBELI HEALTH CENTRE,4440389,Outpatient,KAKAMEGA
ELWESORO HEALTH CENTRE,4440385,Outpatient,KAKAMEGA
IGUHU COUNTY HOSPITAL,4440381,Outpatient,KAKAMEGA
ILEHO HEALTH CENTRE,44401006,Outpatient,KAKAMEGA
IMBIAKALO HEALTH CENTRE,4440388,Outpatient,KAKAMEGA
ITANDO MISSION OF HOPE AND HEALTHCARE,44401733,Inpatient,KAKAMEGA
KAKAMEGA COUNTY GENERAL HOSPITAL,4442081,Inpatient & Outpatient,KAKAMEGA
KAKAMEGA ORTHOPEDIC HOSPITAL,44401706,Inpatient & Outpatient,KAKAMEGA
KAMBIRI HEALTH CENTRE,44401068,Outpatient,KAKAMEGA
KHWISERO HEALTH CENTRE,44401392,Outpatient,MUMIAS
KILIGILI HEALTH CENTRE,4440371,Outpatient,KAKAMEGA
LIKUYANI SUB-COUNTY HOSPITAL,44401690,Inpatient & Outpatient,KAKAMEGA
LUPE MEDICAL CENTRE,4440383,Outpatient,KAKAMEGA
MABUSI HEALTH CENTRE,00161647,-,KAKAMEGA
MAKUNGA RURAL HEALTH DEMONSTRATION CENTRE,44401067,Inpatient & Outpatient,MUMIAS
MALAVA COUNTY HOSPITAL,4442941,Inpatient & Outpatient,KAKAMEGA
MANYALA SUB-COUNTY HOSPITAL,4443804,Inpatient & Outpatient,MUMIAS
MARIE STOPPES CLINIC KAKAMEGA,44401558,Outpatient,KAKAMEGA
MATETE HEALTH CENTRE,44401001,Outpatient,KAKAMEGA
MATUNDA SUB-DISTRICT HOSPITAL,00161646,Outpatient,KAKAMEGA
MATUNGU SUB-DISTRICT HOSPITAL,4440282,Inpatient & Outpatient,MUMIAS
MATURU DISPENSARY,4440376,Outpatient,KAKAMEGA
MAUTUMA SUB-COUNTY HOSPITAL,44401498,Inpatient & Outpatient,KAKAMEGA
MWIHILA MISSION HOSPITAL (YALA),4443046,Inpatient & Outpatient,MUMIAS
NABONGO DISPENSARY,44401065,Outpatient,KAKAMEGA
NAITIRIRI SUB DISTRICT,44401048,Outpatient,KAKAMEGA
NALA MATERNITY & NURSING HOME,4442621,Inpatient & Outpatient,KAKAMEGA
NAMASOLI HEALTH CENTRE,4443930,Inpatient & Outpatient,MUMIAS
NAVAKHOLO SUB-COUNTY HOSPITAL,44401444,Inpatient & Outpatient,KAKAMEGA
ROYAL GARDENS HOSPITAL-KAKAMEGA,44401540,Inpatient & Outpatient,KAKAMEGA
ROYO OUTPATIENT SERVICES,44421531,Outpatient,KAKAMEGA
SHIBWE SUB-COUNTY HOSPITAL,4440373,Outpatient,KAKAMEGA
SHINYALU HEALTH CENTRE,44401003,Outpatient,KAKAMEGA
SHISESO HEALTH CENTRE,4440393,Outpatient,KAKAMEGA
SONAK COMMUNITY MEDICAL CENTRE,4440268,Inpatient & Outpatient,MUMIAS
ST. CHARLES LWANGA HEALTH CENTRE,4440377,Inpatient & Outpatient,KAKAMEGA
ST. ELIZABETH HOSPITAL (MUKUMU),4443026,Inpatient & Outpatient,KAKAMEGA
ST. MARTHA'S CHIMOI HEALTH CENTRE,4440378,Outpatient,KAKAMEGA
ST. MARY'S HOSPITAL (MUMIAS),4443023,Inpatient & Outpatient,MUMIAS
ST. PIUS MUSOLI HEALTH CENTRE,4440372,Outpatient,KAKAMEGA
TROPICAL CLINIC KAKAMEGA,44401543,Outpatient,KAKAMEGA
BANJA HEALTH CENTRE,44401005,Outpatient,VIHIGA
EBUSIRATSI HEALTH CENTRE,4440369,Outpatient,VIHIGA
EKWANDA HEALTH CENTRE,4440368,Outpatient,VIHIGA
EMUHAYA SUB-DISTRICT HOSPITAL,4440370,Outpatient,VIHIGA
ENZARO HEALTH CENTRE,44401384,Outpatient,VIHIGA
EQUATOR MEDICAL SERVICES,44401560,Outpatient,VIHIGA
GIVUDIMBULI HEALTH CENTRE,44401193,Outpatient,VIHIGA
HAMISI-SUBCOUNTY HOSPITAL,4440390,Inpatient & Outpatient,VIHIGA
IPALI HEALTH CENTRE,4440374,Outpatient,VIHIGA
JUMUIA FRIENDS HOSPITAL,44401651,Inpatient & Outpatient,VIHIGA
KEGONDI HEALTH CENTRE,4440392,Outpatient,VIHIGA
KIMA MISSION HOSPITAL,4447602,Inpatient & Outpatient,VIHIGA
LYANANGINGA HEALTH CENTRE,4440391,-,VIHIGA
MBALE PROVINCIAL RURAL HEALTH TRAINING CENTR,4440366,Inpatient & Outpatient,VIHIGA
SEREM HEALTH CENTRE,44401004,Outpatient,VIHIGA
SEREM HEALTH CENTRE,00131933,Outpatient,VIHIGA
SHAMAKHOHO HEALTH CENTRE,44401002,Outpatient,VIHIGA
SHIRU HEALTH CENTRE,44401385,Outpatient,VIHIGA
TIGOI HEALTH CENTRE,44401192,Outpatient,VIHIGA
VIHIGA DISTRICT HOSPITAL,4442780,Inpatient & Outpatient,VIHIGA
VIHIGA HEALTH CENTRE,4440367,Outpatient,VIHIGA
BUNGOMA DISTRICT HOSPITAL,4440082,Inpatient & Outpatient,BUNGOMA
BUNGOMA WEST MEDICAL SERVICES,44401863,Outpatient,BUNGOMA
CHEPTAIS SUB DISTRICT HOSPITAL,44401196,Inpatient & Outpatient,BUNGOMA
ELGON VIEW MEDICAL COTTAGE,4440678,Inpatient & Outpatient,BUNGOMA
FRIENDS LUGULU HOSPITAL,4440152,Inpatient & Outpatient,BUNGOMA
ICFEM DREAMLAND MISSION HOSPITAL,44401439,Inpatient & Outpatient,BUNGOMA
KIBUKE DISPENSARY,44401772,Outpatient,BUNGOMA
KIMILILI DISTRICT HOSPITAL,4440890,Inpatient & Outpatient,BUNGOMA
MT.ELGON DISTICT HOSPITAL,0017850,Inpatient & Outpatient,BUNGOMA
NZOIA MEDICAL CENTRE,44401446,Inpatient & Outpatient,BUNGOMA
OPEN HEART MEDICAL CENTRE,44401756,Outpatient,BUNGOMA
SIRISIA SUB DISTRICT HOSPITAL,44401051,Outpatient,BUNGOMA
ST. DAMIANO MEDICAL HOSPITAL,4440845,Inpatient & Outpatient,BUNGOMA
WEBUYE DISTRICT HOSPITAL,4440422,Inpatient & Outpatient,BUNGOMA
WEBUYE HEALTH CENTRE,44401052,Outpatient,BUNGOMA
ALUPE HOSPITAL (BUSIA),4446083,Inpatient & Outpatient,BUSIA
BUSIA DISTRICT HOSPITAL,4446143,Inpatient & Outpatient,BUSIA
BUSIA DISTRICT HOSPITAL,4446758,Inpatient & Outpatient,BUSIA
BUTULA MISSION HOSPITAL (BUSIA),4446156,Inpatient & Outpatient,BUSIA
HOLY FAMILY HOSPITAL NANGINA,4446048,Inpatient & Outpatient,BUSIA
JOBEFAR MEDICAL SERVICES,44401803,Outpatient,BUSIA
KARI(TRC)ALUPE HOSPITAL-BUSIA,4446771,Inpatient & Outpatient,BUSIA
KHUNYANGU DISTRICT HOSPITAL,4440593,Inpatient & Outpatient,BUSIA
MARACHI HEALTH CLINIC,44401806,Outpatient,BUSIA
PORT VICTORIA SUB-DISTRICT HOSPITAL,4446436,Inpatient & Outpatient,BUSIA
ST. JUDE'S SIRIMBA DISPENSARY,4440442,Outpatient,BUSIA
ST.JOSEPH'S AMUKURA MISSION HEALTH CENTR,44401634,Inpatient & Outpatient,BUSIA
TANAKA NURSING HOME,4440657,Inpatient & Outpatient,BUSIA
TESO DISTRICT HOSPITAL,4441798,Inpatient & Outpatient,BUSIA
ABIDHA HEALTH CENTRE,33321188,Outpatient,SIAYA
AKALA HEALTH CENTRE,33321187,Outpatient,SIAYA
AMBIRA SUB-COUNTY HOSPITAL,3330239,Inpatient & Outpatient,SIAYA
BONDO DISTRICT HOSPITAL,3332759,Inpatient & Outpatient,SIAYA
BONDO MEDICAL CENTRE,3332715,Inpatient & Outpatient,SIAYA
DIVINE MERCY ALUOR HEALTH CENTRE,3333921,Inpatient & Outpatient,SIAYA
DOPHIL NURSING & MATERNITY HOME,3337813,Inpatient & Outpatient,SIAYA
GOT AGULU SUB-DISTRICT HOSPITAL,3330245,Inpatient & Outpatient,SIAYA
INUKA HOSPITAL,2220208,Inpatient & Outpatient,SIAYA
MADIANY DISTRICT HOSPITAL,3332995,Inpatient & Outpatient,SIAYA
MATANGWE COMMUNITY MEDICAL CENTRE,3337997,Inpatient & Outpatient,SIAYA
NGIYA HEALTH CENTRE,33321185,Outpatient,SIAYA
OWENS MATERNITY & NURSING HOME,3332760,Inpatient & Outpatient,SIAYA
PORT FLORENCE COMM HOSPITAL-MAGETA,3330361,Outpatient,SIAYA
QUEENTERIC KAPIYO COMMUNITY,33321186,Inpatient & Outpatient,SIAYA
RANG'ALA MISSION HOSPITAL,3337940,Inpatient & Outpatient,SIAYA
SAGAM COMMUNITY HOSPITAL,3330721,Inpatient & Outpatient,SIAYA
SEGA COTTAGE HOSPITAL,3330702,Inpatient & Outpatient,SIAYA
SIAYA COUNTY REFERRAL HOSPITAL,3330047,Inpatient & Outpatient,SIAYA
ST. ELIZABETH HOSPITAL LWAK,3337662,Inpatient & Outpatient,SIAYA
ST.ANNE'S SEGA MISSION HOSPITAL,3330933,Inpatient & Outpatient,SIAYA
ST.VINCENT DE PAUL'S HEALTH CENTRE,3333887,Inpatient & Outpatient,SIAYA
THE PORT FLORENCE HOSPITAL SIAYA CLINIC,33301432,Outpatient,SIAYA
WORLD YOUTH INTERNATIONAL MAMA ANN ODEDE HEA,33301744,Inpatient & Outpatient,SIAYA
YALA SUB DISTRICT HOSPITAL,3330628,Inpatient & Outpatient,SIAYA
AHERO SUB DISTRICT HOSPITAL,33301083,Outpatient,KISUMU
AWASI CATHOLIC MISSION DISPENSARY,33301598,Outpatient,KISUMU
CAREPLUS MEDICAL SERVICSE,33301667,Outpatient,KISUMU
CHULAIMBO RURAL HEALTH TRAINING,33301079,Y,KISUMU
CHULAIMBO SUB DISTRICT HOSPITAL,33301195,Outpatient,KISUMU
COPTIC NURSING HOME MASENO,3333920,Inpatient,KISUMU
GITA HEALTH CENTRE,3330594,Outpatient,KISUMU
HOPE MEDICAL CENTRE AWASI,3330477,Inpatient & Outpatient,KISUMU
INUKA MEDICAL CENTRE KISUMU,33321678,Outpatient,KISUMU
JALARAM NURSING & MATERNITY HOME,3332562,Inpatient & Outpatient,KISUMU
KATITO HEALTH CENTRE,33321301,Outpatient,KISUMU
KISUMU DISTRICT HOSPITAL (KISUMU),3332116,Inpatient & Outpatient,KISUMU
KODIAGA PRISON HEALTH CENTRE,3330364,Outpatient,KISUMU
KOMBEWA DISTRICT HOSPITAL,3332927,Inpatient & Outpatient,KISUMU
LUMUMBA HEALTH CENTRE,3330283,Outpatient,KISUMU
MAMA PILISTA HEALTH CENTRE,33301478,Inpatient & Outpatient,KISUMU
MASENO HOSPITAL,3333045,Inpatient & Outpatient,KISUMU
MASOGO SUB-DISTRICT HOSPITAL,3332275,Inpatient & Outpatient,KISUMU
MIGOSI HEALTH CENTRE,33321300,Outpatient,KISUMU
MUHORONI SUB-DISTRICT HOSPITAL,3330240,Inpatient & Outpatient,KISUMU
NIGHTGALE MATERNITY & NURSING HOME,3332610,Inpatient & Outpatient,KISUMU
NYAHERA SUB-DISTRICT HOSPITAL,3330244,Inpatient & Outpatient,KISUMU
NYANDO DISTRICT HOSPITAL,3332962,Inpatient & Outpatient,KISUMU
OASIS DOCTORS PLAZA KISUMU,33301709,Inpatient & Outpatient,KISUMU
OBER KAMOTH HEALTH CENTRE,3330513,Outpatient,KISUMU
OGRA MEDICAL CENTRE & COMMUNITY,3333918,Inpatient & Outpatient,KISUMU
PORT FLORENCE COMM HOSPITAL-MEGA PLAZA,3330362,Outpatient,KISUMU
PROVINCIAL GENERAL HOSPITAL KISUMU,3336213,Inpatient & Outpatient,KISUMU
SANTA JANE NURSING HOME & MATERNITY SERV,3332263,Inpatient & Outpatient,KISUMU
ST. CLARE'S BOLO HEALTH CENTRE,3333934,Inpatient & Outpatient,KISUMU
ST. CONSOLATA KISUMU HOSPITAL,3332903,Inpatient & Outpatient,KISUMU
ST. ELIZABETH CHIGA DISPENSARY,3337925,Inpatient & Outpatient,KISUMU
ST. JOSEPH'S HOSPITAL (NYABONDO),3337128,Inpatient & Outpatient,KISUMU
ST. MONICA'S HOSPITAL,3337673,Inpatient & Outpatient,KISUMU
STAR CHILDREN HOSPITAL,3332731,Inpatient & Outpatient,KISUMU
THE JONES AND RINGROAD COMMUNITY,33301082,Outpatient,KISUMU
ACORN COMMUNITY HOSPITAL,3337912,Inpatient & Outpatient,HOMA BAY
ASUMBI MISSION HEALTH CENTRE,3336938,Inpatient & Outpatient,HOMA BAY
HOMABAY DISTRICT HOSPITAL,3337226,Inpatient & Outpatient,HOMA BAY
KANDIEGE SUB DISTRICT HOSPITAL,33371475,Inpatient & Outpatient,HOMA BAY
KENDU MISSION HOSPITAL (KENDU BAY),3337042,Inpatient & Outpatient,HOMA BAY
KENDU SUB-DISTRICT HOSPTAL,3336451,Outpatient,HOMA BAY
MATATA NURSING & MATERNITY HOME,3337563,Inpatient & Outpatient,OYUGIS
MBITA SUB-DISTRICT HOSPITAL,3337951,Inpatient & Outpatient,MBITA
NDHIWA SUB DISTRICT HOSPITAL,33371473,Inpatient & Outpatient,HOMA BAY
OTHORO HEALTH CENTRE,33371351,Outpatient,HOMA BAY
PORT FLORENCE COMMUNITY HOSPITAL,33371450,Outpatient,HOMA BAY
PORT FLORENCE MBITA CLINIC,33371537,Outpatient,HOMA BAY
RACHUONYO DISTRICT HOSPITAL,3337775,Inpatient & Outpatient,HOMA BAY
SENA HEALTH CENTRE,33371563,Inpatient & Outpatient,MBITA
SIMBIRI NAN BELL COMMUNITY HEALTH CENTRE,3337991,Inpatient & Outpatient,OYUGIS
"ST,MARYS MISSION HEALTH CENTRE",33371952,Outpatient,MBITA
ST. ELIZABETH NDISI HEALTH CENTRE,33371610,Inpatient & Outpatient,HOMA BAY
ST. LAWRENCE MEDICAL CLINIC-RODI KOPA,3337576,Outpatient,HOMA BAY
ST.PAUL'S MISSION HOSPITAL,3337863,Inpatient & Outpatient,HOMA BAY
SUBA DISTRICT HOSPITAL,3337742,Inpatient & Outpatient,MBITA
TOM MBOYA HEALTH CENTRE,3337952,Inpatient & Outpatient,HOMA BAY
ALPHA COMMUNITY AND NURSING HOME,33371693,Inpatient & Outpatient,MIGORI
AWENDO SUB-DISTRICT HOSPITAL,3337801,Inpatient & Outpatient,MIGORI
GETONTIRA MEDICAL CENTRE,33371591,Inpatient & Outpatient,MIGORI
ISEBANIA SUB-DISTRICT HOSPITAL,3337899,Inpatient & Outpatient,MIGORI
KARUNGU SUB-DISTRICT HOSPITAL,3337301,Inpatient & Outpatient,MIGORI
KEHANCHA MOTHER & CHILD,3337495,Inpatient & Outpatient,MIGORI
KURIA DISTRICT HOSPITAL,3337900,Inpatient & Outpatient,MIGORI
LADOPHARMA MEDICAL CENTRE,3337313,Outpatient,MIGORI
MACALDER DISTRICT HOSPITAL,33371271,Inpatient & Outpatient,MIGORI
MAMA NURSING HOME,33371570,Inpatient & Outpatient,MIGORI
MIGORI DISTRICT HOSPITAL,3337743,Inpatient & Outpatient,MIGORI
NTIMARU SUB-DISTRICT,3340079,Inpatient & Outpatient,MIGORI
NYAMETABURO HEALTH CENTRE,33371642,-,MIGORI
OASIS DOCTORS PLAZA-MIGORI,33371666,Outpatient,MIGORI
OGADA HEALTH CENTRE,33371039,Outpatient,MIGORI
OJELE MEMORIAL HOSPITAL,3337665,Inpatient & Outpatient,MIGORI
ORUBA NURSING & MATERNITY HOME LTD,3337205,Inpatient & Outpatient,MIGORI
RANEN S.D.A HEALTH CENTRE,33371480,Outpatient,MIGORI
RAPOGI COMMUNITY HEALTH & MAT. CENTRE,3338677,Inpatient & Outpatient,MIGORI
RONGO SUB-DISTRICT HOSPITAL,3337799,Inpatient & Outpatient,MIGORI
ROYAL MEDICAL CLINIC & MATERNITY HOME,3337253,Inpatient & Outpatient,MIGORI
SORI LAKESIDE NURSING HOME,3337533,Inpatient & Outpatient,MIGORI
ST. AKIDIVA MINDIRA MABERA,3337312,Outpatient,MIGORI
ST. JOSEPH'S MISSION HOSPITAL MIGORI,3337522,Inpatient & Outpatient,MIGORI
ST. MONICA RAPOGI MISSION HOSPITAL,33371043,Inpatient & Outpatient,MIGORI
ST.CAMILLUS MISSION HOSPITAL,3337692,Inpatient & Outpatient,MIGORI
SUNA MAT & NURSING HOME,3337536,Inpatient & Outpatient,MIGORI
BOSONGO MEDICAL CENTRE,3337648,Inpatient & Outpatient,KISII
EBEREGE DISPENSARY,33361345,Outpatient,KISII
ETAGO SUB DISTRICT HOSPITAL,33361342,Outpatient,KISII
GESUSU SUB-DISTRICT HOSPITAL,3336777,Inpatient & Outpatient,KISII
GETEMBE NURSING HOME,3336157,Inpatient & Outpatient,KISII
GUCHA COTTAGE MATERNITY & NURSING HOME,3337661,Inpatient & Outpatient,KISII
GUCHA DISTRICT HOSPITAL,3336765,Inpatient & Outpatient,KISII
IRANDA HEALTH CENTRE,33361245,Outpatient,KISII
ISANA NURSING HOME,3337660,Inpatient & Outpatient,KISII
IYABE DISTRICT HOSPITAL,33361246,Outpatient,KISII
KENYENYA DISTRICT HOSPITAL,33361265,Inpatient & Outpatient,KISII
KEUMBU SUB DISTRICT HOSPITAL,33361264,Inpatient & Outpatient,KISII
KIONYO HEALTH CENTRE,33361348,Outpatient,KISII
KISII LEVEL V HOSPITAL,3336117,Inpatient & Outpatient,KISII
MARANI DISTRICT HOSPITAL,3336238,Inpatient & Outpatient,KISII
MASIMBA SUB DISTRICT HOSPITAL,3336299,Inpatient & Outpatient,KISII
NDURU DISTRICT HOSPITAL,33361340,Outpatient,KISII
NYACHEKI SUB DISTRICT HOSPITAL,33361346,Outpatient,KISII
NYAMACHE DISTRICT HOSPITAL,3336298,Inpatient & Outpatient,KISII
NYAMAGONDO HEALTH CENTRE,33361349,Outpatient,KISII
NYAMAIYA HEALTH CENTRE,33361350,Outpatient,KISII
NYANCHWA ADVENTIST MEDICAL CENTRE,33361554,Outpatient,KISII
NYANGENA HOSPITAL,3336724,Inpatient & Outpatient,KISII
NYATIKE HEALTH CENTRE,33361353,Outpatient,KISII
OASIS DOCTOR'S PLAZA,33361547,Outpatient,KISII
OGEMBO MEDICAL CENTRE,3336735,Inpatient & Outpatient,KISII
ORESI HEALTH CENTRE,33361243,Outpatient,KISII
RIANA HEALTH CENTRE,33361247,Outpatient,KISII
RIANA HEALTH CENTRE,33361794,Outpatient,KISII
RIONTANCHI HEALTH CENTRE,33361343,Outpatient,KISII
SENGERA MISSION HEALTH CENTRE,33361701,Outpatient,KISII
SOUTH GUCHA DISTRICT HOSPITAL,3336034,Inpatient & Outpatient,KISII
TABAKA MISSION HOSPITAL (KISII),3336145,Inpatient & Outpatient,KISII
AMAIGA DISPENSARY,33361763,Outpatient,NYAMIRA
EKERENYO SUB DISTRICT HOSPITAL,3336230,Inpatient & Outpatient,NYAMIRA
GESURE HEALTH CENTRE,33361807,Outpatient,NYAMIRA
GETARE HEALTH CENTRE,33361818,Outpatient,NYAMIRA
GETEMBE ANNEX HOSPITAL,33361399,Inpatient & Outpatient,NYAMIRA
IKOBE HEALTH CENTRE,33361920,Outpatient,NYAMIRA
KENYERERE HEALTH CENTRE,33361922,Outpatient,NYAMIRA
KEROKA DISTRICT HOSPITAL,3336236,Inpatient & Outpatient,NYAMIRA
MANGA DISTRICT HOSPITAL,3336237,Inpatient & Outpatient,NYAMIRA
MWONGORI DISPENSARY,33361784,Outpatient,NYAMIRA
NYAGENA SUB DISTRICT HOSPTIAL,33361248,Outpatient,NYAMIRA
NYAMIRA DISTRICT HOSPITAL KISII,3336214,Inpatient & Outpatient,NYAMIRA
NYAMUSI SUB-DISTRICT HOSPITAL,33361197,Inpatient & Outpatient,NYAMIRA
NYANGWETA HEALTH CENTRE,33361854,Outpatient,NYAMIRA
NYANSAKIA HEALTH CENTRE,33361354,Outpatient,NYAMIRA
NYANSIONGO MATERNITY AND NURSING HOME,3339600,Inpatient & Outpatient,NYAMIRA
RANGENYO MISSION HEALTH CENTRE,33361751,Outpatient,NYAMIRA
RIONGIGE HEALTH CENTRE,33361912,Outpatient,NYAMIRA
"SUMMIT MEDICARE CLINIC , CHEBILAT",33361520,Outpatient,NYAMIRA
TINGA HEALTH CENTRE,33361355,Outpatient,NYAMIRA
AFYA NURSING HOME MOYALE,6666413,Inpatient & Outpatient,MOYALE
AIC GATAB HEALTH CENTRE,6669886,Inpatient,MARSABIT
AIC GATAB HEALTH CENTRE,0009421,Inpatient,MARSABIT
AL-BILAL NURSING HOME,66661594,Inpatient & Outpatient,MOYALE
AL-SHIFA MED CLINIC & LABORATORY,6666623,Outpatient,MOYALE
BURQA MEDICAL CLINIC,66661101,Outpatient,MOYALE
CROSSROADS NURSING HOME,66691427,Inpatient & Outpatient,MOYALE
ISMC (ISIOLO SAMBURU MARSABIT),66661102,Outpatient,MARSABIT
LAISAMIS CATHOLIC HOSPITAL,6669626,Inpatient & Outpatient,MARSABIT
MARSABIT DISTRICT HOSPITAL,6669111,Inpatient & Outpatient,MARSABIT
MARSABIT MEDICAL CLINIC,66661710,Outpatient,MARSABIT
MARSABIT MODERN MEDICAL SERVICES,66691426,Outpatient,MARSABIT
MOUNTAIN MEDICAL CLINIC AND LAB SERVICES,66661031,Outpatient,MARSABIT
MOYALE DISTRICT HOSPITAL,6669115,Inpatient & Outpatient,MOYALE
MOYALE MADINA MEDICAL AND SURGICAL CLINIC,66691696,Outpatient,MOYALE
SOLOLO MISSION HOSPITAL SOLOLO,6669175,Inpatient & Outpatient,MOYALE
TAQWA NURSING HOME,6666453,Inpatient & Outpatient,MOYALE
ACK ISIOLO DISPENSARY,6666634,Outpatient,ISIOLO
AL-FALAH MEDICAL CENTRE & NURSING HOME,6666450,Inpatient & Outpatient,ISIOLO
APOSTOLIC VICARIATE OF ISIOLO MATERCARE,66661617,Inpatient & Outpatient,ISIOLO
GABARTULLA DISTRICT HOSPITAL,66661636,Inpatient & Outpatient,ISIOLO
GARBATULA DISTRIC HOSPITAL,66681529,Outpatient,ISIOLO
IQRA MEDICAL CENTRE AND NURSING HOME,66661029,Outpatient,ISIOLO
ISIOLO CATHOLIC DISPENSARY,6666508,Outpatient,ISIOLO
ISIOLO CENTRAL MEDICAL CLINIC,6666456,Outpatient,ISIOLO
ISIOLO COUNTY NURSING HOME,66661612,Inpatient & Outpatient,ISIOLO
ISIOLO COUNTY NURSING HOME,66661747,Inpatient & Outpatient,ISIOLO
ISIOLO DISTRICT HOSPITAL,6668112,Inpatient & Outpatient,ISIOLO
LEWA CLINIC PRIVATE BAG ISIOLO,66661057,Outpatient,ISIOLO
ANGELS HEALTH CENTRE,66661970,Outpatient,MERU
CCS MAUA MEDICAL CENTRE(ACK),6666455,Outpatient,MAUA
CCS MITUNGUU MEDICAL CLINIC,6666459,Outpatient,MERU
CONSOLATA HOSPITAL NKUBU (MERU),6666049,Inpatient & Outpatient,MERU
COTTOLENGO MISSION HOSPITAL,6666784,Inpatient & Outpatient,MERU
GIAKI SUB DISTRICT HOSPITAL,66661105,Outpatient,MERU
GITHONGO DISTRICT HOSPITAL,6666507,Outpatient,MERU
GRACE PARK MEDICAL CENTRE ,66661988,Outpatient,MERU 
JEKIM MEDICAL CENTRE,6666460,Outpatient,MERU
KANYAKINE SUB-DISTRICT HOSPITAL,6666847,Inpatient & Outpatient,MERU
KEMU DISPENSARY,66661106,Outpatient,MERU
LAARE NURSING & MATERNITY HOME,6662913,Inpatient & Outpatient,MERU
MAKUTANO MEDICAL HEALTH CLINIC,66661260,Outpatient,MERU
MAUA MED COTTAGE MAT NURSING HOME,6666457,Outpatient,MAUA
MBEU SUB DISTRICT HOSPITAL,66661111,Outpatient,MAUA
MERU DISTRICT HOSPITAL(GENERAL),6666110,Inpatient & Outpatient,MERU
MIATHENE DISTRICT HOSPITAL,6666895,Inpatient & Outpatient,MAUA
MIKINDURI SUB-DISTRICT HOSPITAL,66661112,Y,MERU
MIKUMBUNE SUB DISTRICT HOSPITAL,6666607,Inpatient & Outpatient,MERU
MITUNGUU MEDICAL SERVICES,6666511,Inpatient & Outpatient,MERU
MUTHARA SUB - DISTRICT HOSPITAL,66661110,Outpatient,MAUA
MUTUATI CATHOLIC MISSION HOSPITAL,66661637,Inpatient & Outpatient,MERU
MUTUATI NURSING & MATERNITY HOME,6666950,Inpatient & Outpatient,MERU
MUTUATI SUB DISTRICT HOSPITAL,66661258,Outpatient,MERU
NKUBU HEALTH CENTRE,66661109,Outpatient,MERU
NKUBU MEDICARE MEDICAL CENTRE,66661441,Outpatient,MERU
NYAMBENE DISTRICT HOSPITAL,6666716,Inpatient & Outpatient,MAUA
NYAMBENE MATERNITY AND NURSING HOME,66661930,Inpatient,MERU
RIURU RURAL DEMONSTRATION HEALTH CENTRE,66661030,Outpatient,MERU
ROBINS HEALTHCARE LTD,6666458,Outpatient,MAUA
ROSMEGG MEDICAL CLINIC -KANGETA,66661421,Outpatient,MAUA
RUIRI CATHOLIC MISSION HEALTH CENTRE,66661595,Inpatient & Outpatient,MERU
RUIRU RURAL HEALTH DEMONSTRATION,66661058,Outpatient,MERU
ST. LUKES COTTAGE HOSPITAL KIAMURI,66661638,Inpatient & Outpatient,MERU
ST.THERESA'S MISSION HOSPITAL-KIIRUA,6666171,Inpatient & Outpatient,MERU
TIGANIA HOSPITAL (MERU),6666030,Inpatient & Outpatient,MERU
TUURU COTTOLENGO HEALTH CENTRE,6666295,Inpatient & Outpatient,MERU
CHUKA DISTRICT HOSPITAL,6666328,Inpatient & Outpatient,CHUKA
CONSOLATA HOSPITAL CHUKA (MERU),6666029,Inpatient & Outpatient,CHUKA
GATUNGA CATHOLIC HEALTH CENTRE,66661596,Outpatient,CHUKA
MAGUTUNI DISTRICT HOSPITAL,6666448,Inpatient & Outpatient,CHUKA
MUKOTHIMA C.C.M HEALTH CENTRE,66661635,Inpatient & Outpatient,CHUKA
"ST. ORSOLA HOSPITAL, MATERI",6666817,Inpatient & Outpatient,CHUKA
THARAKA DISTRICT HOSPITAL,6666891,Inpatient & Outpatient,CHUKA
ACEF ENA HEALTH CARE,2224257,Inpatient & Outpatient,EMBU
CONSOLATA HOSPITAL KYENI (EMBU),6664028,Inpatient & Outpatient,EMBU
EMBU PROVINCIAL HOSPITAL,6664109,Inpatient & Outpatient,EMBU
ISHIARA DISTRICT HOSPITAL EMBU,6664219,Inpatient & Outpatient,EMBU
KARURUMO RURAL HEALTHTRAINING CENTRE,6664963,Inpatient & Outpatient,EMBU
KIANJOKOMA SUB-DISTRICT HOSPITAL,22241499,Inpatient & Outpatient,EMBU
MBEERE DISTRICT HOSPITAL,6664774,Inpatient & Outpatient,EMBU
QUEENS & KINGS HEALTH CENTRE,22241633,Inpatient & Outpatient,EMBU
RUNYENJES SUB-DISTRICT HOSPITAL,6664942,Inpatient & Outpatient,EMBU
ST. MICHAEL NURSING HOME,6664739,Inpatient & Outpatient,EMBU
AFYA BORA CLINIC MUTOMO,6660503,Outpatient,KITUI
AIC ZOMBE HEALTH CENTRE,66601084,Outpatient,KITUI
IKANGA SUB-DISTRICT HOSPITAL,6660957,Inpatient & Outpatient,KITUI
IKUTHA FAITH NURSING HOME,6660293,Inpatient & Outpatient,KITUI
IKUTHA HEALTH CENTRE,66601883,Inpatient,MWINGI
IKUTHA MEDICARE CLINIC,6660504,Outpatient,KITUI
JORDAN HOSPITAL,6660698,Inpatient & Outpatient,KITUI
KANYANGI SUB-DISTRICT HOSPITAL,6660500,Outpatient,KITUI
KANZIKO HEALTH CENTRE,66601997,Outpatient,MWINGI
KASAALA HEALTH CENTRE,66601897,Outpatient,MWINGI
KATSE HEALTH CENTRE,66601652,Inpatient & Outpatient,MWINGI
KATULANI SUB-DISTRICT HOSPITAL,6660498,Inpatient & Outpatient,KITUI
KAUWI SUB-DISTRICT HOSPITAL,6660497,Inpatient & Outpatient,KITUI
KITUI DISTRICT HOSPITAL,6660108,Inpatient & Outpatient,KITUI
KYUSO DISTRICT HOSPITAL,6660958,Inpatient & Outpatient,KITUI
MALIKU HEALTH CENTRE,66601800,Outpatient,KITUI
MBITINI HEALTH CENTRE,66601833,Outpatient,KITUI
MIAMBANI HEALTH CENTRE,66601858,Outpatient,KITUI
MIGWANI SUB-DISTRICT HOSPITAL,6660853,Inpatient & Outpatient,KITUI
MUTHALE MISSION HOSPITAL (KITUI),6660120,Inpatient & Outpatient,KITUI
MUTITU SUB-DISTRICT HOSPITAL,6660496,Inpatient & Outpatient,KITUI
MUTOMO MISSION HOSPITAL (MUTOMO),6660121,Inpatient & Outpatient,KITUI
MWINGI FAMILY NURSING HOME,66601611,Inpatient & Outpatient,KITUI
MWINGI HOSPITAL (KITUI),6660216,Inpatient & Outpatient,KITUI
MWINGI HOSPITAL (KITUI),6660216,Inpatient & Outpatient,KITUI
MWINGI MEDICARE CENTRE,66601087,Inpatient & Outpatient,MWINGI
MWINGI NURSING HOME,6660917,Inpatient & Outpatient,MWINGI
NEEMA HOSPITAL,6660828,Inpatient & Outpatient,KITUI
NEEMA HOSPITAL,80001953,Inpatient & Outpatient,KITUI
NGOMENI MODEL HEALTH CENTRE,66601639,Inpatient & Outpatient,KITUI
NUU SUB-DISTRICT HOSPITAL,66601618,Inpatient & Outpatient,KITUI
NZANGATHI HEALTH CENTRE,66601822,Outpatient,KITUI
REHOBOTH MATERNITY & NURSING HOME,6660937,Inpatient & Outpatient,KITUI
TAHIDI NURSING HOME (MWINGI),6660502,Inpatient & Outpatient,KITUI
TEI WA YESU HOSPITAL,6660837,Inpatient & Outpatient,KITUI
THE KITUI MATERNITY & NURSING HOME,6660176,Inpatient & Outpatient,KITUI
THITANI HEALTH CENTRE,66601755,Outpatient,MWINGI
TSEIKURU SUB-DISTRICT HOSPITAL,6660852,Inpatient & Outpatient,KITUI
VOO HEALTH CENTRE,66601864,Outpatient,MUTOMO
WAITA HEALTH CENTRE,66601653,Outpatient,MWINGI
YANZUU HEALTH CENTRE,66601909,Outpatient,KITUI
YATTA HEALTH CENTRE,6660499,Outpatient,KITUI
EKALAKALA HEALTH CENTRE,66621361,Outpatient,MACHAKOS
IKOMBE DISPENSARY,66621250,Outpatient,MACHAKOS
KANGUNDO COMMUNITY HEALTH CENTRE,6662305,Inpatient & Outpatient,MACHAKOS
KANGUNDO COMMUNITY HEALTH CENTRE,6662300,Inpatient & Outpatient,MACHAKOS
KANGUNDO DISTRICT HOSPITAL,6662113,Inpatient & Outpatient,MACHAKOS
KANZOKEA HEALTH CENTRE,66621357,Outpatient,MACHAKOS
KASIKEU DISPENSARY,66621367,Outpatient,MACHAKOS
KATANGI HEALTH CENTRE,66621369,Outpatient,MACHAKOS
KATHIANI HOSPITAL MACHAKOS,6662218,Inpatient & Outpatient,MACHAKOS
KATHONZWENI HEALTH CENTRE,66621360,Outpatient,MACHAKOS
KITISE HEALTH CENTRE,66621362,Outpatient,MACHAKOS
KIVAA HEALTH CENTRE,66621368,Outpatient,MACHAKOS
MACHAKOS MEDICAL CLINIC,6662862,Inpatient & Outpatient,MACHAKOS
MAKUYUNI HEALTH CENTRE,66621358,Outpatient,MACHAKOS
MASAI HEALTH CENTRE,66621365,Outpatient,MACHAKOS
MASIMBA HEALTH CENTRE,66621252,Outpatient,MACHAKOS
MASINGA MODEL HEALTH CENTRE,66621359,Outpatient,MACHAKOS
MATUNGULU MEDICAL CENTRE,66621590,Inpatient & Outpatient,MACHAKOS
MATUU SUB DISTRICT HOSPITAL,6666816,Inpatient & Outpatient,MACHAKOS
MAVINDINI HEALTH CENTRE,66621251,Outpatient,MACHAKOS
MTITO ANDEI HEALTH CENTRE,66621356,Outpatient,MACHAKOS
MUTHETHENI HEALTH CENTRE,66621364,Outpatient,MACHAKOS
MWALA DISTRICT HOSPITAL,6662286,Inpatient & Outpatient,MACHAKOS
NEW NGEI ROAD MATERNITY & NURSING HOME,6662638,Inpatient & Outpatient,MACHAKOS
PROVINCIAL GENERAL HOSPITAL (MACHAKOS),6662107,Inpatient & Outpatient,MACHAKOS
SHALOM HOSPITAL,6662566,Inpatient & Outpatient,MACHAKOS
TULIMANI HEALTH CENTRE,66621363,Outpatient,MACHAKOS
WAMUNYU HEALTH CENTRE,66621366,Outpatient,MACHAKOS
EBENEZER DISPENSARY,66621976,Outpatient,WOTE
EMALI NURSING HOME,6662914,Inpatient & Outpatient,WOTE
KAMBO MODEL HEALTH CENTRE,66621995,Outpatient,KIBWEZI
KANZOKEA HEALTH CENTRE,66621357,Outpatient,WOTE
KASIKEU DISPENSARY,66621367,Outpatient,WOTE
KATHONZWENI HEALTH CENTRE,66621360,Outpatient,WOTE
KIBWEZI SUB-DISTRICT HOSPITAL,7772998,Inpatient & Outpatient,WOTE
KIKOKO MISSION HOSPITAL (MACHAKOS),6662163,Inpatient & Outpatient,WOTE
KILALA MODEL HEALTH CENTRE,66621902,Inpatient & Outpatient,WOTE
KILOME MATERNITY & NURSING HOME,6662888,Inpatient & Outpatient,WOTE
KILUNGU SUB-DISTRICT HOSPITAL,6662302,Inpatient & Outpatient,WOTE
KISAU SUB-COUNTY HOSPITAL,66622002,Outpatient,WOTE
KITISE HEALTH CENTRE,66621362,Outpatient,WOTE
KUNASINI HEALTH CENTRE,66622003,Outpatient,WOTE
KYAMBEKE DISPENSARY,66622004,Outpatient,MAKINDU
KYENZENZENI DISPENSARY,66622005,Outpatient,MAKINDU
KYUASINI HEALTH CENTRE,66621847,Inpatient,WOTE
MAKINDU DISTRICT HOSPITAL,6662114,Inpatient & Outpatient,WOTE
MAKINDU NURSING HOME,6662306,Inpatient & Outpatient,WOTE
MAKUENI HOSPITAL MACHAKOS,6662217,Inpatient & Outpatient,WOTE
MAKUYUNI HEALTH CENTRE,66621358,Outpatient,WOTE
MATILIKU DISTRICT HOSPITAL,6662288,Inpatient & Outpatient,WOTE
MAVINDINI HEALTH CENTRE,66621251,Outpatient,WOTE
MAVINYE MODEL HEALTH CENTRE,66622007,Outpatient,WOTE
MBIINI DISPENSARY,66622008,Outpatient,WOTE
MBOONI SUB-DISTRICT HOSPITAL,6662865,Inpatient & Outpatient,WOTE
MTITO ANDEI HEALTH CENTRE,66621356,Outpatient,WOTE
MUKUYUNI SUB-DISTRICT HOSPITAL,66621724,Outpatient,WOTE
MUTILUNI DISPENSARY,66622015,Outpatient,WOTE
NGWATA HEALTH CENTRE,66622020,Outpatient,KIBWEZI
NTHANGU DISPENSARY,66622021,Outpatient,KIBWEZI
NTHOGONI HEALTH CENTRE,66622022,Outpatient,KIBWEZI
NZEVENI HEALTH CENTRE,66622024,Outpatient,KIBWEZI
NZIU HEALTH CENTRE,66622025,Outpatient,WOTE
PONYA SURGICAL AND NURSING HOME,6662307,Inpatient & Outpatient,WOTE
SULTAN HAMUD SUB COUNTY HOSPITAL,66621893,Inpatient & Outpatient,WOTE
TAWA SUB-DISTRICT HOSPITAL,6662287,Inpatient & Outpatient,WOTE
TULIMANI HEALTH CENTRE,66621363,Outpatient,WOTE
UVETE DISPENSARY,66622038,Outpatient,WOTE
COAST GENERAL HOSPITAL (MOMBASA),7779069,Inpatient & Outpatient,MOMBASA
JIBANA HEALTH CENTRE,7778928,Inpatient,MOMBASA
LADY GRIGGS MATERNITY HOSPITAL,7779044,Inpatient,MOMBASA
MAINLAND HEALTH CENTRE,7779860,Inpatient & Outpatient,MOMBASA
MAINLAND HEALTH CENTRE,7779860,Inpatient & Outpatient,MOMBASA
MARIAKANI SUB-DISTRICT HOSPITAL,7778835,Inpatient & Outpatient,MOMBASA
MEDITRUST HEALTH CARE,77781116,Outpatient,MOMBASA
NYALI BRIDGE MEDICAL CENTRE,77781117,Outpatient,MOMBASA
PORT REITZ CHEST HOSPITAL,7778074,Inpatient & Outpatient,MOMBASA
RABAI RURAL HEALTH DEMONSTRATION CENTR,7779929,Inpatient & Outpatient,MOMBASA
TUDOR DISTRICT HOSPITAL,7779124,Inpatient & Outpatient,MOMBASA
DIANI BEACH HOSPITAL,7774710,Inpatient & Outpatient,UKUNDA
DIANI HEALTH CENTRE,77741091,Outpatient,UKUNDA
KINANGO HOSPITAL KWALE,7774222,Inpatient & Outpatient,UKUNDA
KINONDO KWETU HEALTH SERVICES,77741707,Inpatient & Outpatient,UKUNDA
KWALE DISTRICT HOSPITAL,7774080,Inpatient & Outpatient,UKUNDA
LIKONI SUB-DISTRICT HOSPITAL,7774994,Inpatient & Outpatient,UKUNDA
LUNGALUNGA HEALTH CENTRE,77781467,Outpatient,UKUNDA
MBUTA MODEL HEALTH CENTRE,77741370,Outpatient,UKUNDA
MSAMBWENI DISTRICT HOSPITAL,7778071,Inpatient & Outpatient,UKUNDA
SAMBURU HEALTH CENTRE,77741089,Outpatient,UKUNDA
SAVANI MEDICAL CENTRE,7774468,Outpatient,UKUNDA
SHIMBA HILLS HEALTH CENTRE,77741397,Outpatient,UKUNDA
ST. THOMAS MATERNITY HOSPITAL,77741470,Outpatient,UKUNDA
SUNSHINE MEDICAL CLINIC,77741011,Outpatient,UKUNDA
TARU DISPENSARY,77781115,Outpatient,UKUNDA
TIWI RURAL HEALTH TRAINING CENTRE,7774036,Inpatient & Outpatient,UKUNDA
VANGA HEALTH CENTRE,77741371,Outpatient,UKUNDA
BAMBA SUB-DISTRICT HOSPITAL,77751404,Inpatient & Outpatient,KILIFI
BENEDICTO XVI HEALTH CENTRE,77751606,Outpatient,MALINDI
CHASIMBA HEALTH CENTRE,77751615,Inpatient & Outpatient,KILIFI
FAZA SUB DISTRICT HOSPITAL,7775517,Inpatient & Outpatient,MALINDI
GANZE HEALTH CENTRE,77751616,Inpatient & Outpatient,KILIFI
GEDE HEALTH CENTRE,77751376,Inpatient & Outpatient,MALINDI
GONGONI HEALTH CENTRE,77751403,Inpatient & Outpatient,MALINDI
GOTANI MODEL HEALTH CENTRE,77751627,Inpatient & Outpatient,KILIFI
KANAMAI HEALTH SERVICES,77741073,Outpatient,KILIFI
KILIFI DISTRICT HOSPITAL,7775070,Inpatient & Outpatient,MTWAPA
MALINDI DISTRICT HOSPITAL,7775077,Inpatient & Outpatient,MALINDI
MARAFA HEALTH CENTRE,77751377,Inpatient & Outpatient,MALINDI
MATSANGONI MODEL HEALTH CENTRE,77751629,Inpatient & Outpatient,MTWAPA
MEPHI HEALTH SERVICES,77751557,Outpatient,MTWAPA
MTWAPA HEALTH CENTRE,77751605,Inpatient & Outpatient,MTWAPA
MUYEYE HEALTH CENTRE,77751614,Inpatient & Outpatient,MALINDI
NEW WANANCHI MATERNITY AND NURSING HOME,7775996,Inpatient & Outpatient,KILIFI
RGC OASIS MEDICAL CENTRE,77741074,Inpatient & Outpatient,MTWAPA
SWISS COTTAGE HOSPITAL,7774291,Inpatient & Outpatient,MTWAPA
TAKAUNGU DISPENSARY,77751604,Outpatient,KILIFI
VIPINGO HEALTH CENTRE,77751405,Inpatient & Outpatient,MTWAPA
VITENGENI HEALTH CENTRE,77751378,Inpatient & Outpatient,MTWAPA
WATAMU NURSING HOME,77751420,Outpatient,MALINDI
WATAMU NURSING HOME,77751448,Outpatient,MALINDI
HOLA DIOSTRICT HOSITAL,7770075,Inpatient & Outpatient,HOLA
NGAO HOSPITAL TANA RIVER,7770220,Inpatient & Outpatient,HOLA
ST. RAPHAEL ARCHANGEL HEALTH CENTRE,77701549,Outpatient,HOLA
KIPINI DISTRICT HOSPITAL,7777076,Inpatient & Outpatient,LAMU
LAMU DISTRICT HOSPITAL,7777072,Inpatient & Outpatient,LAMU
LANGONI NURSING HOME,77751012,Inpatient & Outpatient,LAMU
MOKOWE HEALTH CENTRE,77771379,Outpatient,LAMU
MPEKETONI SUB- DISTRICT HOSPITAL,7775889,Inpatient & Outpatient,LAMU
PABLO HORSTMAN HEALTH CENTRE,77771415,Inpatient & Outpatient,LAMU
WITU HEALTH CENTRE,77771097,Outpatient,LAMU
BUGUTA HEALTH CENTRE,7772401,Outpatient,VOI
BURA HEALTH CENTRE,7772400,Outpatient,VOI
DAWIDA MATERNITY & NURSING HOME,7772290,Inpatient & Outpatient,WUNDANYI
MANYANI DISPENSARY,7772506,Outpatient,WUNDANYI
MARUGU HEALTH CENTRE,7772479,Outpatient,WUNDANYI
MBALE HEALTH CENTRE,7772398,Outpatient,VOI
MGHANGE NYIKA HEALTH CENTRE,77721456,Outpatient,VOI
MOI HOSPITAL- VOI,7772685,Inpatient & Outpatient,VOI
MWATATE SUB-DISTRICT HOSPITAL,7772303,Inpatient & Outpatient,VOI
MWATATE SUB-DISTRICT HOSPITAL,7772478,Inpatient & Outpatient,VOI
NDOVU HEALTH CENTRE,7772402,Outpatient,VOI
NJUKINI HEALTH CENTRE,77721408,Inpatient & Outpatient,VOI
SAGALLA HEALTH CENTRE,77721683,Inpatient & Outpatient,VOI
ST. JOSEPH SHELTER OF HOPE HEALTH CENTRE,77721445,Inpatient & Outpatient,VOI
ST. LUKES AFYA CLINIC -VOI,77721237,Outpatient,WUNDANYI
TAVETA DISTRICT HOSPITAL,7772078,Inpatient & Outpatient,VOI
TSAVO MEDICAL CLINIC,77721191,Outpatient,TAVETA
VOI MEDICAL CENTRE,7772354,Outpatient,VOI
WESU DISTRICT HOSPITAL,7772073,Inpatient & Outpatient,VOI
WUNDANYI SUB-DISTRICT HOSPITAL,7772399,Inpatient & Outpatient,VOI
BALAMBALA SUB-COUNTY HOSPITAL,55501688,Inpatient & Outpatient,GARISSA
DADAAB DISTRICT HOSPITAL,5550252,Inpatient & Outpatient,GARISSA
"EXCEL HEALTH SERVICES, GARISSA",55501513,Inpatient & Outpatient,GARISSA
GARISSA MOTHER & CHILD HEALTH CARE,5550454,Inpatient & Outpatient,GARISSA
HULUGHO SUB-DISTRICT HOSPITAL,55501687,Inpatient,GARISSA
IFTTIN SUB-DISTRICT HOSPITAL,5550908,Inpatient & Outpatient,GARISSA
MASALANI DISTRICT HOSPITAL,5550542,Outpatient,GARISSA
MEDINA DIAGNOSTICS,5550323,Outpatient,GARISSA
MODOGASHE DISTRICT HOSPITAL,5552954,Inpatient & Outpatient,GARISSA
PROVINCIAL GENERAL HOSPITAL GARISSA,5550104,Inpatient & Outpatient,GARISSA
SHAMSU HEALTHCARE LIMITED,55501729,Outpatient,GARISSA
SIMAHO MCH/FP CLINIC,5550271,Inpatient & Outpatient,GARISSA
TAWHEED COMMUNITY,5550416,Outpatient,GARISSA
A.I.C WAJIR DISPENSARY,55521699,Outpatient,WAJIR
AFYA MEDICAL CLINIC AND NURSING HOME,5550528,Inpatient & Outpatient,WAJIR
AL-BUSHRA MEDICAL CENTRE,5550538,Inpatient & Outpatient,WAJIR
AL-HAMDU NURSING HOME,55521704,Inpatient & Outpatient,WAJIR
BUNA NURSING HOME,55521697,Outpatient,WAJIR
BUNA SUB-DISTRICT HOSPITAL,55521267,Inpatient & Outpatient,WAJIR
BUTE DISTRICT HOSPITAL,5553133,Inpatient & Outpatient,WAJIR
GRACIOUS DAY CARE CENTRE,5550526,Outpatient,WAJIR
GRIFTU DISTRICT HOSPITAL,5553139,Inpatient & Outpatient,WAJIR
HABASWEIN DISTRICT HOSPITAL,5552249,Inpatient & Outpatient,WAJIR
HORMUD MEDICARE AND LABORATORY SERVICES,55521664,Outpatient,WAJIR
KHOROF HARAR SUB-DISTRICT HOSPITAL,55521268,Inpatient & Outpatient,WAJIR
LIBAN PHARMACY & MEDICAL CLINIC,5550534,Outpatient,WAJIR
MASHA'ALLAH NURSING HOME,55501056,Inpatient & Outpatient,WAJIR
WAJIR CATHOLIC MISSION DISPENSARY,55521505,Outpatient,WAJIR
WAJIR DISTRICT HOSPITAL (WAJIR),5552106,Inpatient & Outpatient,WAJIR
BLUE LIGHT NURSING HOME,5553907,Inpatient & Outpatient,MANDERA
BULLA MPYA NURSING HOME,55501035,Outpatient,MANDERA
DISTRICT HOSPITAL MANDERA,5553105,Inpatient & Outpatient,MANDERA
ELWAK DISTRICT HOSPITAL,3909177,Inpatient & Outpatient,MANDERA
MANDERA DRUG MART,5550520,Outpatient,MANDERA
MANDERA MEDICARE CLINIC,5553147,Inpatient & Outpatient,MANDERA
MANDERA WEST NURSING HOME,55531424,Outpatient,MANDERA
MULTI HEALTH NURSING HOME,55501726,Inpatient & Outpatient,MANDERA
NOTHERN MEDICAL SERVICES,5550519,Outpatient,MANDERA
RHAMU DISTRICT HOSPITAL,3908165,Inpatient & Outpatient,MANDERA
SUPERDRUG NURSING HOME,55531682,Inpatient & Outpatient,MANDERA
ZONAL ANNEX NURSING HOME,5550524,Inpatient & Outpatient,MANDERA
